Gender,Married,Dependents,Education,Self_Employed,ApplicantIncome,CoapplicantIncome,LoanAmount,Loan_Amount_Term,Credit_History,Property_Area,Loan_Status
Male,Yes,0,Graduate,No,9538.610767184298,10172.159084395907,162.1268089354798,180,1,Urban,1
Female,Yes,0,Not Graduate,No,32167.95123311937,2371.9426380656932,98.6623654547361,240,0,Semiurban,0
Male,No,3+,Graduate,No,27799.071267355215,0.0,214.64098247423357,360,1,Rural,1
Male,No,0,Graduate,No,47394.98521273731,0.0,201.50412373136578,180,1,Urban,1
Male,No,0,Graduate,Yes,11699.42023090954,0.0,241.53716243390895,300,1,Rural,1
Male,Yes,2,Not Graduate,No,22633.95467447875,16227.007362392167,181.11841948312374,360,1,Urban,1
Male,Yes,1,Not Graduate,No,7390.735709023728,1402.8027982113863,863.7157519128443,180,1,Semiurban,1
Female,No,2,Graduate,No,38607.26790949588,0.0,80.09758797854826,300,0,Rural,0
Male,Yes,0,Graduate,No,33359.469175880535,4473.958786923565,53.177638941418806,360,1,Urban,1
Male,Yes,1,Graduate,Yes,32749.5341594092,905.8795878119015,117.23094517014437,360,1,Semiurban,1
Male,Yes,0,Graduate,Yes,22055.01350971747,3054.8953040411834,57.92835802958938,480,1,Urban,1
Female,No,0,Graduate,No,30693.87224864544,0.0,60.61380291393293,360,1,Semiurban,1
Female,No,3+,Graduate,No,79496.73945421856,0.0,81.38664616156207,300,1,Semiurban,1
Male,Yes,0,Graduate,No,17534.481529139826,4628.997909726626,85.34370204254789,480,0,Semiurban,1
Male,No,1,Graduate,No,24610.19696896502,0.0,83.69917650775157,360,1,Urban,1
Male,No,1,Graduate,No,9238.168776700748,0.0,202.53877916610332,240,1,Urban,1
Male,Yes,0,Graduate,No,10997.147838177883,2917.6273908360313,109.53964771918413,240,0,Urban,1
Male,Yes,2,Graduate,No,23819.280445955104,923.637742875257,133.25855386261384,360,1,Urban,1
Male,No,0,Graduate,No,53270.971517846105,0.0,253.7982511768906,360,1,Semiurban,1
Male,Yes,1,Not Graduate,No,17943.358771827625,678.7673509274897,93.71014787406676,360,0,Rural,0
Male,Yes,3+,Graduate,No,18238.07601717634,15822.160974168675,126.6303814499786,360,1,Semiurban,1
Male,Yes,1,Graduate,No,15906.638302763138,585.7163254859697,184.83360569163102,360,1,Semiurban,1
Male,No,3+,Graduate,No,14359.896905942678,0.0,46.2961738583031,480,1,Rural,1
Male,No,0,Graduate,No,27888.708275154648,0.0,35.4831059553812,360,1,Semiurban,1
Male,No,1,Graduate,No,6648.814744516688,0.0,182.66801822210095,240,1,Rural,1
Male,Yes,0,Graduate,No,61374.6192452,2002.7616948263444,199.3792058203157,360,1,Semiurban,1
Male,No,2,Not Graduate,No,12934.612820839731,0.0,512.1062284249069,300,0,Urban,1
Male,No,3+,Graduate,No,39242.78122065634,0.0,163.1804959895346,360,1,Urban,1
Male,Yes,0,Graduate,No,7974.475217861021,3088.116725111633,242.70430010502625,480,1,Semiurban,1
Male,No,1,Graduate,No,37611.76218158059,0.0,131.98871332915124,360,1,Urban,1
Male,Yes,0,Graduate,No,37705.290164274404,918.194164273497,177.38745171342535,360,1,Urban,1
Male,Yes,1,Graduate,No,29952.307858044383,552.3708593219784,403.5716749617451,360,1,Semiurban,1
Male,Yes,1,Not Graduate,Yes,9941.340826546148,3390.2181673296227,41.496301763142995,300,1,Semiurban,1
Female,Yes,3+,Graduate,No,26893.46372001713,2033.2369798395148,190.21780439618504,300,1,Semiurban,1
Female,Yes,1,Graduate,No,8548.875665840436,6321.561990151603,534.5108545124293,360,1,Urban,1
Female,Yes,0,Graduate,No,17993.923488702778,2708.3905834335087,175.7777708405719,360,0,Urban,1
Male,Yes,0,Graduate,No,50187.96223277482,3812.6905770205217,399.5519434635676,360,1,Semiurban,1
Male,No,0,Not Graduate,No,41662.70077376271,0.0,101.74530800457663,240,0,Rural,0
Male,Yes,0,Graduate,No,22295.63847040518,28742.275375630783,145.58665895406992,360,1,Semiurban,1
Male,Yes,0,Graduate,No,10098.626861317527,2447.713537920272,151.42869005508842,360,1,Rural,1
Male,Yes,2,Graduate,No,36918.57791043398,6885.027218140699,39.23014092081845,360,0,Semiurban,1
Male,No,1,Not Graduate,No,22370.647300397868,0.0,73.63300062421854,360,1,Semiurban,1
Male,Yes,1,Graduate,No,3441.7919189551285,4313.961414512866,76.85149723587236,360,1,Urban,1
Female,Yes,0,Graduate,No,41196.30558513209,624.2720705057011,243.04330730403066,360,1,Semiurban,1
Male,No,2,Graduate,No,21603.567301953615,0.0,250.45815568811352,300,1,Semiurban,1
Male,Yes,2,Graduate,No,57639.36298197575,1944.637957720718,180.26389591056707,360,0,Semiurban,1
Male,Yes,0,Graduate,No,9170.83468840797,3087.227150497541,243.34050998134197,240,1,Semiurban,1
Male,Yes,2,Graduate,No,1734.781849718703,6888.225861557405,134.49275781720362,480,1,Semiurban,1
Male,No,1,Graduate,No,27536.48376288828,0.0,305.2585131544314,240,1,Urban,1
Male,Yes,0,Graduate,No,27812.78097544781,1311.0844829077257,149.19781838513978,180,1,Semiurban,1
Female,No,1,Graduate,No,5695.676731685619,0.0,153.6563212725217,360,1,Urban,1
Male,Yes,1,Graduate,No,10068.835749680662,36970.137437170175,126.55087738069864,240,1,Rural,1
Female,No,0,Graduate,No,199620.67007263406,0.0,223.78153518133237,360,1,Urban,1
Female,No,3+,Graduate,No,17249.035514215306,0.0,115.27040430093534,360,1,Urban,1
Male,No,2,Graduate,No,39528.10358623965,0.0,266.6291725878728,360,1,Semiurban,1
Female,Yes,1,Not Graduate,Yes,13088.275888298826,30659.40401469122,75.24206996646394,480,1,Semiurban,1
Male,No,1,Graduate,No,4137.130377359111,0.0,76.75743441844658,300,1,Semiurban,1
Male,Yes,1,Graduate,Yes,19221.66683142224,3339.396074498779,224.1815137767393,360,1,Urban,1
Male,Yes,1,Graduate,No,17810.017373439212,423.8362423367345,140.7342656249625,240,0,Semiurban,1
Male,Yes,1,Not Graduate,No,15996.055011915698,147.24739264145458,113.03134281629919,300,1,Urban,1
Male,No,0,Graduate,No,20096.2263289971,0.0,253.16327580480348,360,1,Rural,1
Male,No,1,Graduate,No,27212.03499061507,0.0,103.09420187321565,300,1,Rural,1
Female,No,2,Graduate,No,19533.894965759904,0.0,131.6147701031566,360,1,Semiurban,1
Male,Yes,1,Graduate,No,8012.796182834706,2624.293751956211,343.62012865440147,360,0,Urban,1
Male,Yes,0,Graduate,No,32498.45514699861,122756.66246512983,373.7119851229998,360,1,Semiurban,1
Male,No,2,Graduate,Yes,4630.88186127603,0.0,381.2437468805004,480,1,Urban,1
Male,Yes,0,Graduate,Yes,4271.473096387825,5498.052587383882,125.30171310549585,180,1,Semiurban,1
Female,Yes,0,Not Graduate,No,39788.94527419896,1367.531018215434,310.5738586051015,360,1,Urban,1
Male,Yes,0,Graduate,No,33044.691685102654,4248.320851351618,83.98416786980981,360,1,Rural,1
Female,Yes,0,Graduate,No,21037.960083410842,2239.750130925869,86.13004240746655,360,1,Urban,1
Male,Yes,2,Graduate,No,7213.006951115689,1821.431156389203,36.2241668425014,180,1,Semiurban,1
Male,Yes,1,Graduate,No,12502.341771457697,26441.18836390597,404.93271647279266,360,0,Semiurban,1
Male,Yes,0,Graduate,No,17850.782108511532,12241.926724628864,88.37702967339386,300,1,Semiurban,1
Female,Yes,2,Graduate,No,6144.329021933842,3512.5444799018574,137.56278790005433,240,1,Urban,1
Male,No,2,Graduate,No,12194.948329057803,0.0,85.95340910367523,360,1,Rural,1
Male,Yes,2,Not Graduate,No,37118.258505614176,1932.923556945196,225.22483028414825,360,1,Semiurban,1
Male,Yes,0,Not Graduate,No,68998.79305234241,76391.98622316711,118.4652659863461,480,0,Semiurban,0
Male,Yes,1,Graduate,No,15747.74088154031,2260.1941598910043,67.83714224975942,360,1,Urban,1
Male,Yes,3+,Graduate,No,40343.7062844974,11202.150933343864,193.4458326221697,360,0,Semiurban,1
Male,No,2,Not Graduate,No,4763.566557912323,0.0,62.78787522158822,180,1,Semiurban,1
Female,No,0,Graduate,No,37330.314356591334,0.0,89.79744877357008,300,0,Urban,1
Male,Yes,0,Not Graduate,No,11577.75968465248,1085.5195961003578,41.924338576087166,240,1,Urban,1
Male,Yes,1,Graduate,No,28166.158789325244,160.39270299705504,63.157091125435834,480,1,Rural,1
Male,No,3+,Graduate,No,18066.19995014659,0.0,165.19349797909973,240,1,Urban,1
Male,No,1,Graduate,No,63343.73005892552,0.0,45.66254497835382,300,0,Urban,1
Male,Yes,1,Graduate,Yes,10942.958634549188,3682.622975194799,61.026766635119465,360,1,Semiurban,1
Male,Yes,0,Graduate,Yes,36391.300872711516,665.2850480461138,148.20236195014598,300,1,Semiurban,1
Male,Yes,1,Graduate,No,17613.026148816014,2168.33517459011,107.1078062562444,240,1,Urban,1
Female,No,2,Graduate,No,19406.350126346795,0.0,490.4002927461248,360,1,Semiurban,1
Male,Yes,0,Graduate,Yes,19013.73488115957,4114.663341516466,446.00846319547094,180,1,Urban,1
Male,No,2,Graduate,No,11197.675783354385,0.0,88.16821486215697,180,1,Urban,1
Male,Yes,3+,Not Graduate,No,21779.421330243767,12535.164559572766,207.32395523075962,300,1,Urban,1
Male,Yes,0,Graduate,No,20949.738062787335,1456.4048673265793,232.65799302278376,360,0,Rural,1
Male,Yes,1,Not Graduate,No,26715.312950252755,399.66897718499365,103.70109610959507,360,1,Urban,1
Male,Yes,0,Graduate,No,23567.03320984313,2615.3988690265924,60.50191867081233,300,1,Urban,1
Male,Yes,2,Graduate,No,41705.80637455765,3106.4950337294144,147.3220387517655,360,0,Semiurban,1
Male,Yes,1,Not Graduate,Yes,46111.00371667291,3614.494604877563,133.7928348563065,300,1,Rural,1
Male,Yes,1,Graduate,Yes,9504.316497359201,15283.955307437815,114.26739840556041,480,1,Urban,1
Male,No,2,Graduate,No,44135.42383124697,0.0,193.5217909578831,180,1,Semiurban,1
Male,Yes,0,Graduate,Yes,8526.471168193311,2582.3534466732135,94.5909907003221,360,1,Urban,1
Male,Yes,3+,Graduate,No,35252.25262698276,793.2819781837508,74.3513233336978,360,0,Semiurban,1
Male,No,1,Graduate,No,36162.97295354994,0.0,158.45169480182577,360,1,Semiurban,1
Male,No,0,Not Graduate,No,4774.031889334316,0.0,187.08855399520974,240,1,Semiurban,0
Male,No,1,Graduate,No,23727.343522846957,0.0,73.25987372252817,300,0,Urban,1
Female,No,2,Graduate,No,15141.628883947453,0.0,259.00681305744166,360,1,Urban,1
Male,Yes,0,Graduate,No,12003.911015775497,16870.041475386144,51.301055003434506,180,0,Urban,1
Male,Yes,2,Graduate,No,64905.12482750014,683.1975406062899,104.91305135457978,360,1,Urban,1
Male,No,3+,Graduate,Yes,13056.69995465853,0.0,127.1280540765886,360,1,Urban,1
Male,Yes,0,Graduate,No,11555.288115928182,4582.561559781664,101.31817091445026,360,1,Semiurban,1
Male,Yes,3+,Graduate,No,23401.512874307427,709.1949728251957,105.73793439582958,240,1,Rural,1
Male,No,0,Graduate,No,38119.13999469627,0.0,456.0692624805951,360,0,Rural,1
Male,Yes,0,Graduate,No,19666.68037379041,233.0523020653922,89.07418363891605,360,1,Rural,1
Female,Yes,0,Graduate,Yes,55999.410144921036,7081.183569054958,642.0929232514455,360,0,Semiurban,1
Female,Yes,2,Graduate,Yes,33684.077588535445,1549.6378017685993,192.92009118131742,180,1,Semiurban,1
Male,Yes,1,Graduate,No,3856.1746363503967,99979.86662681242,156.84108297814595,180,1,Urban,1
Female,Yes,0,Not Graduate,No,14420.793386510848,903.949884398297,197.50111147218357,300,1,Semiurban,1
Female,Yes,1,Graduate,No,14052.088628111327,986.5941623895787,677.1932275545369,240,1,Semiurban,1
Male,No,1,Graduate,No,32321.52715958585,0.0,81.76458450867408,360,1,Semiurban,1
Female,Yes,0,Graduate,Yes,2697.6771176448274,3990.8582466572298,75.77354708091498,480,1,Semiurban,1
Male,Yes,2,Graduate,No,169262.79175516186,1695.5390510224809,94.35651134103192,300,1,Urban,1
Female,No,2,Graduate,No,33685.43664533665,0.0,151.30321778948058,360,1,Urban,1
Female,No,1,Graduate,No,24812.465404069655,0.0,52.69588268692867,180,1,Rural,1
Male,No,3+,Graduate,No,56684.39169859488,0.0,150.4158126953402,240,1,Urban,1
Male,No,1,Graduate,No,143619.5749695603,0.0,409.98815951441384,180,1,Semiurban,1
Male,Yes,3+,Graduate,No,44205.182647958616,206.7914915629748,162.52704754905915,300,0,Rural,1
Male,Yes,1,Graduate,No,47053.96799561792,1600.8934788205863,124.51033501334604,480,1,Semiurban,1
Female,Yes,1,Graduate,No,24454.071867168266,2077.2986966764115,102.42222507361959,180,1,Semiurban,1
Female,Yes,0,Graduate,No,19668.6130370128,1397.2699373213698,254.4506793050786,360,1,Urban,1
Male,Yes,2,Not Graduate,No,15053.46753741779,13254.427898730586,90.42315157084663,360,1,Urban,1
Male,Yes,1,Not Graduate,Yes,11374.285249411518,13012.116639264763,449.3659334494433,480,0,Rural,0
Male,No,0,Not Graduate,No,12713.106144970448,0.0,473.4355780800262,240,0,Semiurban,0
Male,Yes,0,Not Graduate,No,7476.763039124601,346.2962643993756,173.1313368814496,240,1,Semiurban,1
Male,Yes,1,Not Graduate,No,20729.287605520432,1510.1343061652412,147.39129885140787,180,1,Urban,1
Male,Yes,1,Graduate,No,5723.100243857344,1451.2990447883376,275.4471796891081,300,1,Urban,1
Female,Yes,2,Graduate,No,25661.1439776892,1354.8391872391421,286.253877702714,300,1,Rural,1
Male,Yes,2,Graduate,Yes,21395.49176363342,1290.43843966726,91.50603820030851,360,1,Urban,1
Male,No,0,Graduate,No,24773.956486865824,0.0,108.20925730693847,360,1,Semiurban,1
Male,Yes,2,Graduate,No,14505.667933328605,1874.5990226031286,67.12734850056422,360,0,Urban,1
Male,Yes,0,Graduate,No,258199.6227054542,1390.4054599866686,189.69906782777093,360,1,Semiurban,1
Female,Yes,2,Graduate,No,65387.91406539126,3827.576102245796,221.40126415323994,180,1,Rural,1
Female,No,2,Graduate,No,8138.539334284851,0.0,66.02573678369109,300,1,Semiurban,1
Male,Yes,1,Not Graduate,Yes,26536.978912908635,999.4707564976508,112.94270526904175,480,1,Urban,1
Male,Yes,2,Graduate,Yes,13542.59368893828,13701.743838648472,66.13166304258509,360,1,Semiurban,1
Male,Yes,0,Graduate,No,9783.144341174888,919.5875348165804,86.54981237983787,360,1,Semiurban,1
Male,Yes,1,Graduate,No,7539.7352156746965,427.7929271440821,206.5639885132821,360,1,Semiurban,1
Male,No,2,Graduate,No,31125.209124609784,0.0,95.57495034025179,240,1,Rural,1
Male,No,1,Not Graduate,Yes,12770.534600649646,0.0,123.90367217108759,240,1,Semiurban,1
Male,Yes,0,Graduate,No,47775.14571930822,4383.267653831909,55.90271585961602,180,1,Rural,1
Male,No,1,Not Graduate,No,48777.565931630255,0.0,166.03425555537126,300,1,Semiurban,1
Male,No,2,Graduate,No,66113.71600483728,0.0,144.52261609780425,240,1,Urban,1
Female,No,0,Graduate,Yes,11137.695079048828,0.0,95.83466335693163,360,1,Urban,1
Male,No,0,Graduate,Yes,32218.38362187129,0.0,132.50116282036404,360,1,Urban,1
Male,Yes,2,Graduate,No,36532.71258195855,505.4592648744314,165.36860108154744,360,0,Rural,1
Male,Yes,2,Graduate,No,15072.956546205874,22174.961808900833,91.01998617095907,360,0,Semiurban,1
Female,Yes,0,Graduate,No,11879.653598138842,1230.4609272880937,61.20583166356384,480,1,Semiurban,1
Male,No,0,Graduate,Yes,79826.95693687907,0.0,438.49335581057187,180,1,Urban,1
Male,Yes,0,Not Graduate,No,26423.173827316637,196.5147490008101,101.49772426274998,180,1,Urban,1
Male,No,0,Graduate,No,36635.54417942771,0.0,140.04221853144918,360,1,Semiurban,1
Male,No,1,Not Graduate,No,11411.069711187018,0.0,272.1909497168088,300,1,Semiurban,1
Male,Yes,2,Graduate,No,8304.662863166046,7034.569095351694,1233.2806743038475,300,1,Urban,1
Male,No,1,Graduate,No,13966.825373094924,0.0,70.33771419962719,300,0,Semiurban,1
Male,Yes,1,Graduate,Yes,19945.97983712117,480.8983173471413,194.3958080443373,300,1,Urban,1
Male,Yes,0,Graduate,No,9401.494965973734,5121.2568259685795,97.07351992873674,360,1,Urban,1
Male,No,2,Graduate,No,21853.670071537985,0.0,107.41779069158855,300,1,Semiurban,1
Male,Yes,1,Graduate,No,5705.556762421692,452.4228171054374,96.3389582035485,360,1,Urban,1
Female,No,3+,Graduate,No,8990.844511344123,0.0,75.5358229072429,360,1,Rural,1
Male,No,1,Not Graduate,No,37674.13254788887,0.0,144.7814237828168,300,1,Urban,1
Male,Yes,0,Graduate,Yes,35704.51449524813,11049.786736435628,61.27049390151296,300,0,Urban,1
Male,Yes,1,Not Graduate,No,16098.777037609732,2740.061285708459,261.9318983226295,240,1,Urban,1
Male,Yes,0,Graduate,Yes,9757.47125136073,144.4981202784813,153.3927708405124,300,1,Semiurban,1
Male,Yes,1,Graduate,No,9682.516919121203,2484.034026480831,191.22695787348312,360,1,Semiurban,1
Male,No,0,Graduate,No,16340.22933077979,0.0,112.2004308200669,360,1,Semiurban,1
Male,Yes,0,Graduate,No,36887.01213155037,1019.945809677207,119.06596169153696,360,1,Urban,1
Male,Yes,2,Graduate,No,46286.080284796095,1871.399896079748,176.36193690385218,240,1,Urban,1
Male,Yes,0,Graduate,No,14805.80498570442,2413.0331309920307,73.81556524572721,360,1,Semiurban,1
Male,Yes,2,Graduate,No,8753.475138687621,91.88918536614273,119.72599289830727,360,1,Rural,1
Male,No,0,Graduate,No,27289.980803966493,0.0,88.6088634612003,360,1,Rural,1
Male,Yes,1,Not Graduate,No,11397.758856254604,1010.6502192407158,86.97830446979965,360,1,Urban,1
Female,No,1,Not Graduate,No,14550.751036713562,0.0,41.85022007671879,360,1,Semiurban,1
Male,Yes,1,Graduate,No,63590.59571951752,2686.403627445343,331.48943992478195,360,1,Rural,1
Male,No,0,Graduate,No,42688.82019706802,0.0,98.30518260645368,360,0,Urban,1
Male,Yes,0,Graduate,No,24993.7094403262,4852.587500440651,298.27790919056184,240,1,Rural,1
Female,Yes,0,Graduate,No,7962.233254582237,2248.662500388923,281.8219230249502,360,1,Urban,1
Female,No,0,Graduate,No,26085.040132325954,0.0,68.6073845946137,240,1,Rural,1
Male,Yes,1,Graduate,Yes,51540.63644168517,7765.303664615947,77.24276532151943,180,1,Semiurban,1
Male,No,3+,Graduate,No,16309.33736707056,0.0,689.7310752550458,480,1,Rural,1
Female,Yes,2,Graduate,Yes,64918.71786608695,6470.887206753824,424.34871793051053,480,1,Semiurban,1
Male,Yes,2,Graduate,No,61957.022093273816,797.2324545095869,145.6328738192197,180,1,Urban,1
Male,Yes,2,Not Graduate,No,83365.20255387222,13396.387959589882,173.1959935358028,300,1,Rural,1
Male,No,1,Not Graduate,No,28118.82335166797,0.0,101.64559033134313,240,1,Urban,1
Male,Yes,0,Graduate,No,35239.1641098788,6457.1835673299665,192.3682739875619,360,1,Urban,1
Female,Yes,3+,Not Graduate,No,68278.47421554134,3289.1569890341375,96.51426869767836,360,1,Semiurban,1
Female,Yes,1,Not Graduate,No,31505.4287002424,363.99767703005125,43.841801807594,480,1,Semiurban,1
Male,Yes,1,Graduate,No,14750.211693517116,1061.167508317147,67.15924081986233,360,1,Rural,1
Male,Yes,0,Graduate,No,15385.268363227366,6679.95950999053,150.30335953584495,300,1,Urban,1
Male,No,1,Graduate,No,26657.98376141829,0.0,75.29092869556142,360,1,Semiurban,1
Male,No,1,Not Graduate,Yes,7844.366128238998,0.0,142.54154784715016,300,1,Semiurban,1
Female,No,2,Not Graduate,No,19641.360820257927,0.0,77.88266321726493,480,1,Urban,1
Female,No,1,Graduate,No,52957.11396906597,0.0,92.81308634498652,360,1,Urban,1
Male,Yes,0,Graduate,No,3816.148393767707,1146.7911705065949,247.6209585030618,360,1,Urban,1
Male,No,3+,Graduate,No,75175.87756641458,0.0,172.1710274784484,300,0,Urban,1
Male,Yes,0,Graduate,No,54062.67901681969,185.51711107770737,147.55505305771263,300,0,Rural,1
Male,Yes,1,Graduate,Yes,15247.766424411091,22206.276713651703,251.48375219195916,180,1,Semiurban,1
Female,Yes,0,Not Graduate,No,34020.29925306136,5064.932468654693,198.01942976540727,360,1,Semiurban,1
Male,Yes,2,Graduate,Yes,22082.002330224805,12996.579890164001,353.5192625327144,360,1,Rural,1
Male,No,3+,Not Graduate,No,58923.32460614764,0.0,112.62733436679866,300,1,Urban,1
Male,Yes,0,Not Graduate,No,48346.37453065635,13272.880766523345,114.68841459455307,360,1,Rural,1
Male,Yes,2,Graduate,No,7186.384129130491,43381.948189763665,67.9882189999049,360,1,Semiurban,1
Male,Yes,0,Graduate,Yes,35235.51954426536,610.9077547475349,114.73344513726,240,1,Rural,1
Male,No,3+,Graduate,Yes,18685.399399241916,0.0,264.770109082116,360,1,Urban,1
Male,Yes,2,Graduate,Yes,23535.52018995112,2984.931070573045,323.75673741882235,360,1,Rural,1
Male,Yes,2,Graduate,No,12301.32770737641,467.16353673774216,264.0617826225148,480,1,Urban,1
Male,Yes,0,Graduate,No,89188.7023517018,5385.474852097125,50.576390680730675,300,1,Urban,1
Male,No,3+,Graduate,No,50617.33856264488,0.0,284.2593789737559,240,1,Semiurban,1
Male,Yes,2,Graduate,No,12187.706622721937,1449.027813063668,49.24898833750961,300,1,Urban,1
Male,Yes,0,Graduate,No,7572.749681333181,12077.503959943639,254.39047620736537,300,0,Semiurban,1
Male,Yes,2,Graduate,Yes,16178.878839358835,403.3819629099277,119.02449164254735,240,1,Semiurban,1
Male,Yes,0,Graduate,No,31182.181873803238,495.85950188027914,226.22271720289478,360,1,Semiurban,1
Male,Yes,2,Graduate,No,26693.214543886254,3511.91543188786,66.72175030291389,360,0,Urban,1
Female,Yes,0,Graduate,No,60024.39007257542,3073.1621709025285,299.67560700147465,360,1,Urban,1
Male,No,2,Graduate,No,41437.260940146785,0.0,61.62176600327169,180,1,Urban,1
Male,Yes,1,Graduate,No,47841.8099160547,7875.510784909824,99.37763153588084,360,1,Semiurban,1
Male,Yes,0,Graduate,No,28609.21994308278,5636.807719445995,81.54403844575994,360,1,Urban,1
Male,No,0,Graduate,No,7248.5810817414285,0.0,51.80201708159842,360,1,Urban,1
Male,Yes,0,Graduate,No,18834.417159120676,2571.4784312801307,157.07392282482238,360,1,Urban,1
Male,Yes,1,Not Graduate,No,51434.8785292827,6143.170903156413,438.6287883322321,360,1,Urban,1
Female,Yes,0,Graduate,No,21137.027877511446,1746.2390437001086,735.2004134402243,480,1,Semiurban,1
Male,Yes,1,Graduate,No,32940.964865183974,35051.806370769154,157.32181307438572,300,1,Rural,1
Female,No,0,Graduate,No,17068.694741395226,0.0,290.0370765673201,360,1,Urban,1
Male,Yes,0,Graduate,No,9663.880176728828,37285.39281341722,170.58893655629097,180,1,Semiurban,1
Male,No,2,Graduate,No,19956.790668036185,0.0,200.20261262300477,180,1,Semiurban,1
Male,Yes,0,Graduate,No,28204.532033631152,572.1418399140186,120.86942241831838,240,1,Semiurban,1
Male,Yes,3+,Graduate,No,13035.736473058822,15393.416863111868,166.84181621758202,240,1,Semiurban,1
Male,Yes,2,Graduate,No,18241.071457939557,3467.12731192587,204.892862948945,300,1,Semiurban,1
Male,Yes,1,Graduate,Yes,10388.237198441675,8277.935810547564,104.89125666322303,240,1,Semiurban,1
Male,Yes,1,Graduate,No,53927.505564369385,12947.099979611874,141.67042652267853,180,0,Urban,1
Male,No,2,Graduate,Yes,17403.652795212347,0.0,143.30022838704772,480,1,Semiurban,1
Male,Yes,0,Not Graduate,No,70418.01723957184,1464.56124660744,243.6766131764929,180,1,Semiurban,1
Male,No,0,Graduate,No,74831.80547200379,0.0,78.28693235285002,360,1,Urban,1
Male,Yes,0,Graduate,No,20643.653781429337,2983.661775673269,143.89367730847385,240,1,Urban,1
Female,No,2,Graduate,No,9830.460062835105,0.0,467.4083475239152,480,0,Rural,1
Female,No,0,Graduate,No,4151.735413792232,0.0,298.4003650096552,360,1,Semiurban,1
Female,No,1,Graduate,No,6784.326753169548,0.0,333.45483514505435,360,1,Semiurban,1
Male,No,3+,Graduate,No,7338.81115187654,0.0,150.60478746049205,360,0,Rural,1
Male,No,2,Graduate,No,66355.08673253481,0.0,179.93551527139053,180,1,Semiurban,1
Female,Yes,1,Graduate,No,24164.977901174952,6296.220536181853,270.78948205703347,480,0,Semiurban,1
Male,Yes,0,Graduate,No,30082.04073281334,3975.1958448490227,378.47624791762985,360,1,Semiurban,1
Female,Yes,2,Graduate,Yes,3728.1342739671018,5343.157193706222,46.01825898878695,360,1,Rural,1
Female,No,1,Not Graduate,No,8447.508768828413,0.0,67.40607960939319,360,1,Semiurban,1
Female,Yes,0,Graduate,No,44786.580053766935,20908.43674760976,325.59896677945846,300,1,Semiurban,1
Male,No,0,Graduate,No,27706.416000075555,0.0,125.6960117207468,360,1,Urban,1
Male,Yes,3+,Graduate,Yes,19579.44904548595,4776.657020215994,99.18308904730608,300,1,Rural,1
Female,Yes,1,Graduate,No,34609.16764818595,20100.18468449657,69.93060602208021,360,1,Semiurban,1
Male,Yes,2,Graduate,No,81522.81876675392,1505.7135156213067,106.37706286314872,180,1,Urban,1
Male,Yes,2,Graduate,No,18456.39181242924,1145.3479090457254,63.98050515124303,480,1,Rural,1
Male,Yes,1,Graduate,No,23283.397737670955,3131.0061904574513,520.4306092675549,240,1,Semiurban,1
Female,Yes,1,Graduate,No,25695.663853256625,5023.736437290252,146.42866313600337,240,1,Urban,1
Male,Yes,1,Graduate,No,149296.2264441917,1857.9257987855397,143.34146843646292,360,1,Semiurban,1
Male,Yes,0,Graduate,No,4107.274662789131,5683.496074495514,211.20854390314,360,1,Semiurban,1
Male,Yes,1,Not Graduate,No,38047.03406259427,4305.581049009851,264.38519231785585,360,1,Rural,1
Male,Yes,2,Graduate,Yes,20093.631458732754,899.6734549479313,261.78744449271903,240,0,Urban,1
Female,No,1,Graduate,No,34662.62794033158,0.0,282.63976351341705,180,1,Rural,1
Male,Yes,2,Graduate,No,13018.177861877672,8402.07426809741,101.64564230211657,360,1,Semiurban,1
Male,Yes,1,Graduate,No,21180.325245920365,3661.994345415004,124.1238573924994,480,1,Urban,1
Female,Yes,1,Not Graduate,No,38914.74332446866,11886.727540403946,235.4312628283665,360,0,Rural,0
Male,Yes,1,Graduate,No,265754.481813448,691.674485177343,108.1551275797958,360,0,Semiurban,0
Male,Yes,1,Graduate,No,42042.19145646954,5226.726780588329,147.95912020573593,480,1,Urban,1
Male,Yes,2,Graduate,Yes,11176.263987376931,731.9140963223895,188.53020987857462,300,1,Semiurban,1
Male,Yes,0,Graduate,No,15693.348739105404,782.9762552034346,237.72416938096268,360,1,Rural,1
Male,Yes,1,Graduate,No,15325.42837787342,1398.1189423153528,51.07991783346974,360,1,Urban,1
Female,Yes,0,Graduate,No,5236.90242311666,962.4939493098993,227.88642979809762,300,1,Urban,1
Female,No,0,Graduate,No,16914.522418889836,0.0,128.99395790112496,360,1,Urban,1
Female,No,1,Graduate,No,39587.2852229758,0.0,226.89211189799659,360,1,Urban,1
Female,Yes,1,Graduate,No,7947.512811011613,8140.3249927403085,236.54986122460997,300,1,Semiurban,1
Male,Yes,3+,Not Graduate,No,50959.48176972717,2027.6021228069947,389.4552768127899,300,1,Semiurban,0
Male,Yes,1,Not Graduate,No,32539.820252609614,444.63296846630266,334.3111641839451,180,0,Urban,0
Male,Yes,2,Not Graduate,No,12241.821280495356,11708.629532462315,332.9335756518465,360,1,Urban,1
Male,No,1,Graduate,No,19668.551923251234,0.0,352.9061619766515,240,1,Urban,1
Male,Yes,1,Graduate,Yes,79114.97444267427,2778.1360257670804,176.76610020369384,240,0,Rural,1
Male,Yes,0,Not Graduate,No,39610.05387711225,5094.128129920874,151.30702523811985,360,0,Urban,1
Female,Yes,0,Graduate,No,22181.78917781334,3787.7691200170734,250.55795471326678,360,0,Rural,0
Male,No,0,Graduate,No,18212.31598051387,0.0,230.269087531669,360,1,Semiurban,1
Male,Yes,1,Not Graduate,No,23418.63276179988,5296.51201265973,123.29258345516878,360,1,Urban,1
Male,Yes,0,Not Graduate,Yes,14626.484242922064,1060.4286629448727,189.2169130917392,360,1,Rural,1
Male,Yes,0,Graduate,No,4089.5916191161705,40711.85508676212,145.3205685766918,480,1,Semiurban,1
Male,Yes,0,Graduate,No,112841.8238828493,3763.8594371761505,88.91138992230474,360,1,Semiurban,1
Male,Yes,3+,Graduate,No,24940.792608924367,2497.865204983916,321.91142975203917,360,1,Rural,1
Male,Yes,0,Not Graduate,No,30288.331311610706,9477.828498460522,153.41083910304587,300,0,Urban,0
Male,Yes,1,Not Graduate,No,21029.33822579094,4021.2220788003,507.36210241757595,480,1,Urban,1
Male,Yes,0,Graduate,No,12233.1720262235,4812.990192194501,55.96377676055635,300,1,Semiurban,1
Male,Yes,1,Graduate,No,18982.265266771938,59315.195397314536,106.2646559127152,240,1,Urban,1
Male,Yes,0,Not Graduate,Yes,6127.14507387577,2142.7691912298046,151.34822415227586,300,1,Urban,1
Female,Yes,0,Graduate,No,136171.3364230602,2035.8871059297815,293.66176873200374,180,0,Urban,0
Male,Yes,1,Graduate,No,8204.108966824388,3428.5551570906823,188.61004385149656,480,1,Urban,1
Male,No,0,Not Graduate,No,9647.238358625324,0.0,178.80282323299295,360,1,Semiurban,1
Male,Yes,0,Graduate,No,15487.563662327904,488.90058383833434,75.4629437468368,360,1,Urban,1
Male,Yes,0,Graduate,Yes,61726.00400655491,281.83813878980385,74.13110106059916,360,1,Semiurban,1
Male,Yes,0,Graduate,No,22283.620913820167,1473.5970671775635,180.09829698101686,360,1,Semiurban,1
Male,Yes,0,Graduate,No,8193.458436031377,419.59604428442304,65.46635874209136,180,1,Semiurban,1
Male,No,0,Not Graduate,No,60082.307246546065,0.0,107.86423465780793,360,1,Urban,1
Male,Yes,2,Graduate,Yes,39529.42069753625,5447.977050488897,200.447105194766,360,1,Semiurban,1
Male,No,1,Not Graduate,No,33885.68611730319,0.0,82.3192875323853,300,1,Urban,1
Male,Yes,1,Graduate,No,39049.57973322973,537.9728573476358,388.8577429656634,360,1,Semiurban,1
Male,Yes,0,Graduate,No,149565.472706158,3239.5982171954233,309.3155046238296,240,1,Rural,1
Male,No,3+,Graduate,No,126509.90899129106,0.0,57.80920395615216,240,1,Semiurban,1
Female,No,0,Graduate,Yes,12716.145008580594,0.0,84.82389248287534,240,1,Semiurban,1
Male,No,0,Graduate,No,80749.57631910607,0.0,37.65755707782469,300,0,Semiurban,1
Male,No,1,Graduate,No,29927.544372986333,0.0,92.79986476070653,360,1,Urban,1
Male,Yes,0,Graduate,No,32835.865354354966,9366.568841094771,235.05818657521132,360,1,Rural,1
Male,No,0,Graduate,No,5688.394551577973,0.0,115.77666511908302,300,1,Rural,1
Male,Yes,1,Graduate,No,19219.70603552243,41873.8459603397,195.6795448939961,360,1,Urban,1
Male,No,2,Graduate,No,11495.847103893584,0.0,59.537085793336246,360,1,Semiurban,1
Male,Yes,1,Graduate,Yes,42721.049997049486,3399.847634077331,239.55550717886712,240,1,Rural,1
Female,No,2,Graduate,No,51889.11932834165,0.0,106.37115741607744,240,1,Rural,1
Female,Yes,3+,Graduate,No,4189.811061534518,2988.03785059308,149.50080977477384,480,1,Semiurban,1
Male,Yes,0,Graduate,No,21641.587911351085,18759.358497823396,140.36908838654955,360,1,Semiurban,1
Male,Yes,0,Graduate,No,54040.508613972335,593.4675988905408,69.20484588866192,480,1,Urban,1
Male,No,0,Graduate,Yes,18970.811311515543,0.0,74.30285683288977,300,1,Rural,1
Male,Yes,1,Not Graduate,No,39468.21391811985,15562.46374872998,265.2510355136084,360,1,Urban,1
Male,Yes,1,Not Graduate,No,29171.059218098522,10137.977587443433,188.55604704567486,240,0,Semiurban,1
Male,Yes,3+,Graduate,No,28950.078239245533,1928.0068418074416,278.6703173675557,300,1,Urban,1
Male,Yes,2,Graduate,No,17728.840823493905,8310.56105608574,180.33116053229608,360,1,Urban,1
Male,No,1,Not Graduate,No,8322.644706581666,0.0,161.70834624810027,300,1,Semiurban,1
Male,Yes,0,Graduate,No,8980.186074386116,18039.68858149765,52.688311026924644,240,1,Rural,1
Female,No,2,Not Graduate,No,38850.724783365346,0.0,126.18889890600522,300,1,Urban,1
Male,Yes,3+,Not Graduate,No,22372.02569366675,10206.28041393876,145.9945668643098,180,1,Semiurban,1
Male,Yes,2,Not Graduate,Yes,19716.0874700102,70998.51871175849,479.07842904379675,360,0,Urban,0
Male,No,0,Graduate,No,15691.712192727866,0.0,224.11828695924967,360,1,Urban,1
Male,Yes,1,Graduate,Yes,17254.856578473293,3162.739302519198,373.02174257312356,180,1,Semiurban,1
Male,Yes,0,Graduate,No,50895.48196287071,7093.515829256084,212.41090365736963,240,1,Semiurban,1
Male,Yes,0,Graduate,No,16844.92552277531,1923.040815274634,96.855295319459,240,1,Urban,1
Male,No,0,Graduate,Yes,7533.750185040131,0.0,159.21803142078338,360,1,Urban,1
Male,Yes,1,Graduate,No,39931.52616873379,3699.989442445651,171.01207837130573,180,1,Urban,1
Male,No,1,Graduate,No,18696.63179879853,0.0,84.4793104922298,360,1,Urban,1
Male,No,0,Not Graduate,No,22586.70397463964,0.0,117.84469034804435,180,1,Rural,1
Male,Yes,0,Graduate,Yes,79703.01115008257,11121.820071743798,131.17598305811296,240,1,Rural,1
Female,Yes,1,Not Graduate,No,21667.12803962736,8439.048931449719,388.9193126224718,360,1,Urban,1
Male,Yes,0,Not Graduate,No,27759.87574302697,1641.1865319332373,42.58728288003801,360,1,Semiurban,1
Male,Yes,0,Graduate,No,8577.186345676831,5953.541991705769,305.9712221993275,180,0,Rural,1
Male,Yes,1,Graduate,No,18476.67561627639,487.71578975211014,84.5990349235761,360,1,Urban,1
Male,Yes,2,Not Graduate,No,35868.718231428364,3721.8074022234046,65.15392110998263,360,1,Rural,1
Male,Yes,0,Graduate,Yes,6346.7681713034945,5132.292002461309,301.25746904957725,360,1,Rural,1
Male,No,0,Graduate,No,25865.778342712234,0.0,230.24382164769432,360,1,Urban,1
Male,No,0,Graduate,No,23876.090939733902,0.0,315.0436565449195,360,1,Urban,1
Male,No,3+,Graduate,No,22766.147765132868,0.0,239.94774453413137,480,1,Rural,1
Male,Yes,1,Graduate,No,50499.924435045294,1017.8892982950393,510.76367160428583,240,1,Semiurban,1
Male,Yes,1,Graduate,No,28783.305038527564,599.513084322922,207.52136581782733,360,1,Urban,1
Male,Yes,0,Graduate,No,71858.73944420433,14823.793374826973,135.11328494966912,360,1,Urban,1
Male,No,1,Graduate,No,9948.015743731945,0.0,182.3186219313524,180,1,Semiurban,1
Male,Yes,0,Graduate,No,24556.69129126768,4377.617447180277,312.96190598262984,180,1,Semiurban,1
Male,No,1,Graduate,No,23566.310008967193,0.0,92.97910633460177,240,1,Semiurban,1
Female,Yes,3+,Graduate,No,9363.705753893557,3500.811426310134,100.37035055844098,360,1,Rural,1
Male,Yes,1,Not Graduate,No,47336.45524748516,2659.427153507446,123.30044154683958,360,1,Urban,1
Male,No,2,Graduate,No,141455.24335906663,0.0,41.9823931947152,360,1,Semiurban,1
Male,Yes,2,Graduate,No,21728.82807104325,2053.972106578589,161.23243911796234,180,1,Semiurban,1
Male,No,0,Graduate,No,32991.883993810334,0.0,47.862043433460684,360,1,Semiurban,1
Male,No,3+,Graduate,No,23567.284532334226,0.0,153.2139924643713,480,1,Urban,1
Male,Yes,0,Graduate,No,12445.722444165562,2840.113535778995,249.4288872893793,300,1,Rural,1
Female,Yes,1,Not Graduate,No,5132.723930036016,7291.268890381657,111.48322415969729,360,0,Rural,0
Male,Yes,0,Graduate,No,12523.738640340667,3335.0007916510785,405.96604459921014,360,1,Semiurban,1
Male,No,0,Not Graduate,Yes,7233.174522745518,0.0,61.78740001034775,360,1,Semiurban,1
Male,Yes,1,Graduate,No,86101.46130431035,1047.926117671544,303.31031064175886,360,1,Urban,1
Male,Yes,0,Graduate,No,20088.689914601026,3250.564277782969,222.53451960040545,360,1,Semiurban,1
Male,Yes,1,Graduate,No,16701.67907497317,7229.2073594588255,53.00467149132131,300,1,Semiurban,1
Female,No,1,Not Graduate,No,44860.95336390646,0.0,754.8179387370714,360,0,Semiurban,0
Male,Yes,0,Graduate,No,8978.598837967033,3310.8773855757904,142.84395757577488,240,1,Rural,1
Female,No,0,Graduate,Yes,11926.388792903363,0.0,87.66384763225984,300,1,Semiurban,1
Female,No,1,Graduate,No,23259.24148809622,0.0,63.79964864025788,180,1,Urban,1
Male,Yes,0,Graduate,No,50162.107658731555,1472.2872664842985,130.0591287261908,360,1,Semiurban,1
Male,Yes,2,Graduate,No,32903.951506935555,3931.3297976003346,137.49064474393924,300,1,Urban,1
Male,No,1,Graduate,No,26867.163011051194,0.0,157.84086108417458,240,1,Urban,1
Male,Yes,2,Graduate,No,23446.91451867943,4536.488158342272,124.12911901996534,240,1,Urban,1
Male,No,1,Graduate,Yes,30338.981549377368,0.0,217.00820981400344,480,1,Semiurban,1
Male,Yes,1,Graduate,No,25882.499494337113,10672.487331832644,117.61564947782827,360,1,Semiurban,1
Male,Yes,1,Not Graduate,No,9662.639984383797,49285.898984657906,46.47997290737651,360,1,Semiurban,1
Male,No,0,Not Graduate,No,22853.587297049624,0.0,135.69138817718067,360,1,Semiurban,1
Female,Yes,0,Not Graduate,No,9330.548424415496,5659.265739903617,35.85608931444774,360,1,Semiurban,1
Male,Yes,2,Graduate,No,23502.592996473046,1246.2691835063094,183.50875518473612,300,1,Urban,1
Female,Yes,1,Graduate,Yes,14995.143287300929,10395.673703747656,82.46878530709132,480,1,Rural,1
Male,Yes,2,Graduate,No,167964.05853842758,653.0736493763198,163.6968452976984,240,1,Urban,1
Male,Yes,2,Graduate,Yes,21334.579648669278,5306.586745594235,326.504910661666,300,0,Urban,1
Male,Yes,2,Graduate,Yes,7162.4569246234205,1045.6701385055715,83.9944548386912,300,1,Semiurban,1
Male,No,3+,Graduate,No,19784.53461555984,0.0,280.5505030014327,360,1,Urban,1
Female,Yes,1,Graduate,No,33372.48364682567,865.034741598677,114.43034073399059,360,0,Urban,1
Male,Yes,0,Graduate,No,84010.00323968832,7996.990521505501,424.92678404113224,360,1,Semiurban,1
Female,Yes,1,Not Graduate,No,13745.105554441132,1091.8443119568599,119.21259741763866,240,1,Semiurban,1
Male,No,0,Graduate,No,6210.878440875068,0.0,89.63126588271264,360,1,Semiurban,1
Male,Yes,1,Graduate,Yes,42339.240615874056,1972.5499312447605,224.1561865437205,240,1,Rural,1
Male,No,2,Graduate,Yes,7299.207322489652,0.0,114.26566845688681,240,1,Semiurban,1
Female,Yes,1,Graduate,Yes,15538.49304850779,3559.2569810710297,89.57983971854084,180,1,Rural,1
Female,Yes,0,Graduate,No,17924.1386549573,1194.8911758797071,111.4188016826789,360,1,Urban,1
Male,Yes,0,Not Graduate,No,20832.99355076109,3836.9786893692844,144.4937249546532,300,1,Semiurban,1
Male,Yes,1,Not Graduate,No,38228.307938231745,18702.294151668837,332.05747743851197,360,1,Rural,1
Male,Yes,0,Graduate,Yes,12747.527040555713,1171.7882233403448,46.50441957610408,360,0,Semiurban,1
Male,Yes,2,Not Graduate,No,17694.632044918686,12163.223026585418,150.4827403225539,360,1,Semiurban,1
Female,No,0,Not Graduate,No,21776.43536645957,0.0,215.92738201699936,360,1,Urban,1
Female,Yes,0,Not Graduate,No,24826.784413177087,1119.4737784013723,166.67888965501504,300,1,Urban,1
Male,Yes,0,Not Graduate,Yes,23819.544967481153,520.0549473071285,325.6812367608787,300,1,Semiurban,1
Male,Yes,1,Graduate,No,31219.70110454254,4282.760598087205,141.93834911228072,360,1,Urban,1
Male,No,1,Graduate,Yes,43263.80307616462,0.0,132.85643839682382,360,1,Rural,1
Male,Yes,0,Graduate,Yes,30155.03819542332,28066.272372997435,211.74817783044975,360,0,Urban,1
Female,Yes,0,Graduate,No,31661.8706981542,3108.10672157715,157.52564792413483,360,1,Rural,1
Male,Yes,1,Not Graduate,No,6211.896150728365,1138.3791260132882,117.41970720134555,240,1,Rural,1
Female,No,0,Graduate,No,22929.55936944375,0.0,202.28678611022838,240,1,Urban,1
Male,Yes,1,Graduate,No,32325.317910219972,11024.61689445468,100.3318331594698,360,1,Urban,1
Female,Yes,1,Not Graduate,No,39464.34778761376,1502.0396514832676,102.85227225820874,300,1,Rural,1
Male,No,0,Not Graduate,No,12658.945274959198,0.0,108.11587697997656,180,1,Rural,1
Male,No,0,Not Graduate,Yes,13000.831293968042,0.0,334.2340500099407,360,1,Semiurban,1
Female,Yes,3+,Graduate,No,13914.955274661594,1667.1818711724252,21.48575562315421,240,0,Urban,1
Male,No,1,Graduate,No,33830.94245394684,0.0,188.172538675274,480,1,Semiurban,1
Male,Yes,1,Graduate,Yes,50367.673221650344,2922.27560406333,151.49658576943494,360,1,Semiurban,1
Female,Yes,0,Graduate,Yes,15899.32467708044,6768.192975576146,54.13482664345667,360,1,Urban,1
Female,Yes,1,Graduate,No,45541.070716456095,6056.535419457559,178.7228116738791,240,1,Semiurban,1
Male,Yes,0,Graduate,No,24313.42260323426,2288.984440670693,197.44324877988987,240,1,Urban,1
Male,Yes,1,Not Graduate,No,19941.76147279767,3217.560921769179,211.40665188562474,360,1,Urban,1
Male,No,3+,Graduate,No,18599.549075330626,0.0,30.232066393349395,240,1,Urban,1
Male,Yes,0,Graduate,No,40026.18290899746,506.16621915427106,336.916002018301,300,1,Urban,1
Male,Yes,0,Graduate,Yes,28579.994339611465,4060.742139525509,95.33127940235363,300,1,Urban,1
Male,Yes,0,Graduate,No,136034.02838277793,28872.074105195086,224.06599926918753,240,1,Semiurban,1
Male,No,0,Graduate,No,11139.139714645884,0.0,231.51490789542459,240,1,Urban,1
Male,Yes,0,Not Graduate,Yes,33338.939982193544,1178.932148073063,87.70524893632106,360,1,Urban,1
Male,Yes,0,Graduate,No,14423.861923569273,1048.5113486957011,220.58342575155544,240,1,Urban,1
Male,Yes,2,Not Graduate,No,10988.124859484193,7111.79629585007,117.76652414030353,180,0,Rural,0
Male,Yes,1,Graduate,No,21835.80407672207,5106.055896884285,42.82721189072452,360,1,Semiurban,1
Male,No,0,Not Graduate,No,24584.759158642373,0.0,299.0602790712499,480,0,Semiurban,0
Male,No,3+,Graduate,No,227416.59711028897,0.0,93.22100037208811,300,1,Semiurban,1
Male,Yes,0,Graduate,No,19009.294969642207,3330.41483392486,88.881491154561,240,1,Rural,1
Female,No,3+,Graduate,Yes,8918.267822484546,0.0,116.53136674093334,360,0,Urban,1
Male,Yes,0,Not Graduate,No,27403.021882996134,3540.813847855834,174.7474930689013,480,1,Semiurban,1
Male,No,2,Graduate,No,4189.295959181968,0.0,143.39997495393297,360,1,Semiurban,1
Male,Yes,1,Graduate,No,20464.24659469047,664.1852065025357,206.1986768686306,360,1,Semiurban,1
Male,Yes,2,Not Graduate,No,22310.667935915477,473.8913461109605,66.44047141590988,300,1,Urban,1
Male,Yes,3+,Not Graduate,No,41592.714818425084,19837.422737038945,95.06569488776327,360,1,Semiurban,1
Male,Yes,0,Graduate,No,47997.192545413316,1430.6561048261815,138.4351183926293,180,1,Urban,1
Male,Yes,3+,Graduate,Yes,14722.677996912204,11650.884922623543,463.46569790750135,360,0,Semiurban,0
Male,Yes,0,Graduate,No,19526.128842939877,2477.9894426856586,138.61668708561817,360,1,Semiurban,1
Male,Yes,0,Graduate,No,11933.481925628446,2454.440764234705,284.6138525423498,480,1,Urban,1
Female,No,0,Graduate,No,8933.378699800718,0.0,151.88643467025787,300,1,Rural,1
Male,Yes,1,Not Graduate,No,28223.657495314277,1031.9457449165916,111.03048658685299,180,1,Urban,1
Male,Yes,0,Not Graduate,No,7951.624776129701,3494.6781865733074,127.99169071601557,360,1,Rural,1
Male,No,1,Graduate,No,15808.427763230738,0.0,134.14860429872633,360,1,Semiurban,1
Female,Yes,1,Graduate,No,9935.414070564337,611.189994775574,213.19077953065866,360,1,Urban,1
Male,Yes,2,Graduate,No,34191.98534781749,4469.26162621696,338.58215315110976,240,1,Urban,1
Male,Yes,2,Not Graduate,No,93073.43455423668,2173.362163864659,184.160656280784,300,1,Rural,1
Female,No,1,Not Graduate,No,7775.473330826737,0.0,302.5500163911678,360,1,Urban,1
Female,Yes,0,Graduate,No,5001.960495582383,697.7123193682316,83.18991756926539,300,1,Urban,1
Female,Yes,0,Not Graduate,No,19932.17405333528,20124.242087222538,115.72557952844038,360,0,Urban,0
Male,No,0,Graduate,No,22304.82355038962,0.0,96.10280265313601,360,1,Semiurban,1
Male,No,0,Graduate,No,26237.04035653018,0.0,179.2294367314314,360,1,Semiurban,1
Male,Yes,0,Graduate,No,15412.645499925877,2066.19980712982,119.65647976592086,360,1,Urban,1
Male,Yes,0,Graduate,No,18760.118908375123,374.27114920164485,229.95042960094395,360,1,Urban,1
Male,Yes,3+,Graduate,No,29555.003403968098,31054.55759343525,84.89362252634635,300,1,Urban,1
Male,No,1,Graduate,No,50632.28595316556,0.0,152.29487124551693,360,1,Urban,1
Female,Yes,0,Graduate,No,4609.897879280183,1213.7138613385882,224.1050122319369,300,1,Semiurban,1
Male,Yes,1,Not Graduate,No,16396.91438369733,4915.5645535852655,42.98358656249541,360,1,Semiurban,1
Male,No,0,Graduate,Yes,26135.42715408303,0.0,530.0539450066926,240,1,Urban,1
Male,Yes,1,Graduate,No,10568.351604363479,2899.632641765903,125.22459299792209,360,1,Urban,1
Male,Yes,1,Graduate,Yes,87986.2389279693,13825.779408234474,44.034615996080575,300,1,Urban,1
Male,Yes,1,Graduate,No,13248.930296517168,10933.644068725156,163.18040030476018,300,1,Rural,1
Male,Yes,1,Graduate,No,21310.727222583453,819.2117317098134,151.42130950228625,480,1,Rural,1
Male,Yes,3+,Graduate,No,34365.817687724375,1328.02993767019,141.29690310051708,240,1,Rural,1
Male,Yes,2,Graduate,No,13724.971212951035,9405.450079525557,269.00088451492337,360,1,Urban,1
Male,Yes,1,Graduate,No,5027.818955268478,114.99227169207896,232.40161701658363,480,1,Urban,1
Male,Yes,1,Graduate,Yes,15632.01569741543,2491.532266331232,177.45653658373223,180,1,Urban,1
Female,No,1,Graduate,No,50189.06457214753,0.0,194.43411792717845,360,1,Urban,1
Male,Yes,0,Graduate,No,16822.690827269464,1682.667209708436,139.4052181199568,300,1,Semiurban,1
Male,No,0,Graduate,Yes,11190.858949690419,0.0,430.64948938240735,180,1,Semiurban,1
Female,Yes,0,Graduate,No,46190.885201841986,1939.3472890666008,61.09819897010077,300,1,Rural,1
Male,No,1,Not Graduate,No,16905.25979870526,0.0,161.38470786364792,480,1,Rural,1
Female,No,1,Graduate,No,14645.250282523126,0.0,154.3179028233196,180,1,Urban,1
Male,Yes,0,Graduate,No,24823.96687493685,46643.71731686293,241.7654989213761,360,0,Semiurban,1
Female,No,3+,Not Graduate,No,40806.643078709465,0.0,89.45070340092082,360,1,Urban,1
Male,No,3+,Graduate,No,148059.6963868388,0.0,52.132911009113286,360,1,Urban,1
Female,Yes,2,Graduate,No,42692.94171445337,19901.29535010604,163.05601786646727,180,1,Semiurban,1
Male,Yes,1,Not Graduate,No,55707.60619806894,1845.7508001204346,175.69302487272282,360,1,Urban,1
Female,Yes,2,Not Graduate,No,14694.477777733115,3480.8262334668343,362.7665976084816,360,1,Semiurban,1
Male,No,0,Not Graduate,No,9694.417808955805,0.0,69.25412930237991,360,1,Urban,1
Male,No,2,Graduate,No,23152.662870327225,0.0,296.72810853333505,480,1,Semiurban,1
Female,No,0,Graduate,No,23998.243813319412,0.0,614.2786290261059,360,1,Semiurban,1
Male,Yes,2,Graduate,No,9294.608751501592,3467.0654957397887,118.3138769900523,180,1,Urban,1
Male,No,0,Graduate,No,19144.378030509753,0.0,68.40423023821373,360,1,Rural,1
Male,Yes,2,Graduate,No,30316.702625199814,622.9664515135073,116.2584093302582,300,1,Urban,1
Male,Yes,3+,Graduate,No,29387.206807257466,1020.1306471702007,149.6655264128633,300,1,Semiurban,1
Male,Yes,0,Not Graduate,No,32972.53702838159,415.8580022630683,208.1528623659234,360,1,Semiurban,1
Male,Yes,1,Graduate,No,27799.45747248194,3025.0057100960034,104.08034636767161,300,0,Semiurban,1
Female,Yes,3+,Graduate,No,14682.228158778798,709.1033533055042,377.3296167667414,300,0,Rural,1
Male,Yes,1,Graduate,Yes,14601.499365358011,2167.4949634360705,76.04160395714644,480,1,Urban,1
Male,Yes,2,Graduate,No,8440.854964786395,15430.822116488504,52.27283917293529,180,0,Semiurban,1
Female,Yes,1,Graduate,No,91841.54474293481,12571.14625929519,288.3071066618412,480,0,Semiurban,1
Female,Yes,0,Graduate,No,22264.7567325949,2867.7061177828678,37.910472048706986,360,1,Rural,1
Male,Yes,0,Graduate,No,18400.21365775404,2685.1673389392768,131.30490511398904,360,1,Urban,1
Male,Yes,0,Graduate,No,10477.300458319234,28448.46430335738,963.534869378389,360,1,Semiurban,1
Male,Yes,2,Not Graduate,No,230619.93278283958,5568.646718528394,147.3445715845883,300,1,Semiurban,1
Male,Yes,0,Not Graduate,No,9333.240688629363,2011.4924704834725,75.75764849946209,300,1,Urban,1
Male,Yes,1,Graduate,No,15629.597315424437,538.495025822553,143.38904373541865,300,1,Semiurban,1
Male,Yes,1,Graduate,No,30720.00865589084,4782.161222010878,143.9577029374945,300,1,Urban,1
Male,Yes,1,Not Graduate,No,35602.4727107597,8064.189802894398,163.43084985568086,480,1,Semiurban,1
Male,Yes,2,Not Graduate,Yes,47398.48969365856,1396.9103313012395,220.82218597088496,360,0,Rural,0
Female,Yes,3+,Graduate,No,93534.60990677348,4227.826482954727,79.5617380066729,240,1,Semiurban,1
Female,No,1,Graduate,No,33021.89563006537,0.0,408.51508162536084,240,1,Semiurban,1
Male,Yes,2,Graduate,No,9463.289794792181,2390.268832843524,171.92675973318885,300,1,Semiurban,1
Male,Yes,2,Not Graduate,No,17933.825474165908,150.5979240775549,229.53979836952666,180,1,Urban,1
Male,Yes,1,Not Graduate,No,28177.128958160796,2284.4082895313795,101.81020657550036,360,1,Urban,1
Female,Yes,3+,Graduate,Yes,115217.95024501742,9539.946561337232,321.12462324586136,240,1,Semiurban,1
Male,Yes,0,Not Graduate,No,7199.419071683408,1397.327738404208,127.20100536811404,360,1,Urban,1
Male,Yes,0,Graduate,No,57645.139069487035,3174.900720990002,175.30573523823045,180,1,Urban,1
Female,Yes,2,Not Graduate,No,25436.272758045227,1203.3434285131027,84.78650183787026,300,1,Semiurban,1
Female,Yes,1,Graduate,Yes,43056.32529864757,4594.108549703107,81.60095980023954,360,1,Urban,1
Female,Yes,2,Not Graduate,No,20300.569659718698,2298.8681289888655,224.28626032894496,360,0,Urban,0
Male,No,2,Graduate,No,11226.742067579624,0.0,113.7309875991252,480,0,Semiurban,1
Male,No,0,Graduate,No,40162.870303850956,0.0,88.9172487156153,360,1,Urban,1
Male,No,2,Graduate,No,37180.690082413035,0.0,100.89597088355065,300,0,Rural,1
Female,No,1,Not Graduate,Yes,47937.126783191685,0.0,225.73727951145398,180,1,Rural,1
Female,Yes,1,Not Graduate,No,21793.265776000735,5417.262923961025,101.75594837255055,360,1,Semiurban,1
Male,Yes,1,Not Graduate,No,13631.55195453628,5681.067324948991,138.29748329039205,480,1,Urban,1
Male,Yes,3+,Not Graduate,No,6329.461269300641,6443.076883970855,149.7573998060332,360,1,Semiurban,1
Male,Yes,0,Graduate,No,42425.2343737034,390.29112101772324,46.9738314218897,240,1,Rural,1
Female,No,1,Graduate,No,30918.54936823818,0.0,61.39473957299509,480,0,Semiurban,0
Female,Yes,1,Graduate,No,10171.794193702952,1504.7186925893448,181.59278469979452,300,0,Urban,1
Male,No,2,Graduate,Yes,14316.114377806542,0.0,95.37174716746755,360,0,Semiurban,1
Male,Yes,1,Graduate,No,15162.68797350612,70647.50713044056,279.78877591854746,480,1,Rural,1
Male,No,0,Graduate,No,6725.169808017391,0.0,265.09394233680376,240,0,Semiurban,1
Female,Yes,0,Graduate,No,11451.248962361902,1875.0920479947451,228.49200023599084,480,1,Semiurban,1
Female,Yes,0,Graduate,No,8892.252887370594,211.3777363673141,442.24457775974435,300,0,Semiurban,1
Female,Yes,2,Graduate,No,15835.614909009131,15799.23753758269,141.1956339227503,480,0,Semiurban,1
Male,Yes,0,Graduate,No,12198.179537339654,593.3286106630444,219.05638349091996,300,1,Urban,1
Male,Yes,0,Not Graduate,No,5993.291643546604,894.1497938685399,104.51801135763824,480,1,Semiurban,1
Male,Yes,3+,Not Graduate,No,111087.35852003368,2002.951739155227,646.4022239523007,180,1,Urban,1
Male,No,0,Not Graduate,No,59995.96475284837,0.0,487.93401983776494,360,1,Semiurban,1
Female,Yes,3+,Graduate,No,11810.974998172887,7539.32537357892,149.47486636099535,360,1,Urban,1
Female,Yes,1,Graduate,No,27390.10559045482,2466.5975952136746,187.15773012700944,360,1,Semiurban,1
Female,Yes,2,Not Graduate,No,30760.050699825948,4315.4223420112485,335.48544069191365,240,1,Urban,1
Female,No,0,Graduate,No,57117.66308612526,0.0,135.87241183283348,360,1,Semiurban,1
Male,Yes,0,Graduate,No,11442.799867733504,3524.8192152540437,100.08557374666442,240,1,Semiurban,1
Male,Yes,2,Graduate,No,52769.329866744265,3255.1840399441876,250.73430949927402,360,1,Urban,1
Female,Yes,2,Graduate,No,14209.638154677492,9533.087058842644,155.56498396753335,300,1,Urban,1
Female,Yes,2,Graduate,No,7565.169839505152,9514.895023453686,165.63667250964855,480,1,Urban,1
Male,Yes,0,Graduate,No,39312.949502040785,5392.5457306617245,89.96648338706333,180,0,Rural,1
Male,Yes,2,Graduate,Yes,61858.62010801312,1929.8217708882303,52.952575494218394,240,1,Semiurban,1
Male,Yes,2,Graduate,Yes,174612.96565527018,7260.374955644284,171.00374313260835,240,1,Semiurban,1
Female,No,1,Graduate,No,8435.630902107572,0.0,255.43736297621552,300,1,Urban,1
Male,Yes,2,Not Graduate,No,38527.81581333464,813.790333722007,129.60818665461056,240,0,Semiurban,0
Male,Yes,2,Graduate,No,15869.574553930514,1837.304167150286,351.37629394385027,360,1,Rural,1
Male,Yes,1,Graduate,No,41220.33445939713,3299.190388515834,97.28552435076529,360,0,Rural,1
Male,No,0,Not Graduate,No,6792.731069255919,0.0,78.8208319694788,360,1,Semiurban,1
Male,Yes,1,Graduate,No,8020.725671044665,2391.7155563050114,142.54558106462807,360,0,Urban,1
Male,No,0,Graduate,Yes,11840.725021258573,0.0,141.237723756232,180,1,Urban,1
Male,Yes,1,Graduate,No,23462.7945885459,3191.0012562265556,235.56367022411754,360,1,Urban,1
Male,Yes,1,Graduate,No,13188.954615983002,3415.7325143056337,93.22559473047922,240,1,Urban,1
Male,Yes,0,Graduate,No,37318.46320036685,3725.6818263077625,337.2608080242936,360,1,Urban,1
Male,No,0,Not Graduate,No,50086.9460183806,0.0,483.06449632650254,300,1,Urban,1
Female,Yes,0,Graduate,Yes,35584.37916327655,10124.443101163964,144.96808051657428,300,1,Urban,1
Male,No,2,Graduate,No,80420.959519055,0.0,314.1360750637683,300,1,Rural,1
Male,No,3+,Graduate,No,30719.75781377255,0.0,78.73610027045605,360,1,Semiurban,1
Female,Yes,0,Graduate,No,8320.541632262304,855.5645529227148,282.9111596071223,240,1,Rural,1
Male,Yes,3+,Graduate,No,65558.70048078327,6895.1862647985945,278.20711245372723,360,1,Semiurban,1
Male,Yes,1,Graduate,No,13573.505022954754,16959.5119094063,249.15180469628595,240,1,Urban,1
Male,Yes,0,Graduate,No,45630.64456603888,2042.4425243994021,147.03374917874672,360,1,Semiurban,1
Male,No,0,Graduate,No,77573.98252734882,0.0,25.215291984483976,480,1,Urban,1
Male,No,1,Graduate,No,31740.55274116725,0.0,100.98416413530204,300,1,Semiurban,1
Male,Yes,2,Graduate,No,6654.662058623633,5468.006703849581,101.94672667954612,360,1,Urban,1
Male,Yes,2,Not Graduate,No,10566.355964687522,5031.5473787786805,82.52052391789704,480,0,Rural,0
Male,No,0,Graduate,No,63461.93609075202,0.0,159.70778516666374,360,1,Urban,1
Male,Yes,0,Graduate,Yes,19239.136667968953,6730.964212206752,115.42511130371243,360,1,Urban,1
Male,No,1,Graduate,No,23474.237635398276,0.0,90.4894070008793,360,1,Rural,1
Male,Yes,0,Graduate,No,40419.17309501821,764.4646438461705,78.62737419875958,360,0,Urban,1
Male,Yes,0,Graduate,No,38447.85896099923,1966.231622544922,96.61096158145153,240,1,Semiurban,1
Male,Yes,0,Graduate,No,27530.22717221259,1475.9376059297138,290.87671776374896,360,1,Semiurban,1
Female,Yes,2,Not Graduate,Yes,18640.004003575024,2284.906461805625,99.8216373790603,300,1,Rural,1
Male,Yes,3+,Not Graduate,No,17151.91731973085,528.911985273274,108.96609471063174,180,0,Rural,0
Male,Yes,1,Graduate,No,43753.157483503965,9419.898266346676,112.84118988740222,360,0,Rural,0
Male,Yes,3+,Graduate,No,34298.45625005799,11535.950324879499,181.88890857849617,300,1,Urban,1
Male,No,0,Not Graduate,No,17928.73477665723,0.0,195.1463311150588,240,1,Rural,1
Male,No,1,Not Graduate,No,52349.09090281031,0.0,23.883935460010523,360,1,Semiurban,1
Female,Yes,0,Not Graduate,No,19866.152991056322,1127.0576251795853,273.9597309623332,360,1,Semiurban,1
Female,Yes,1,Graduate,No,11144.153176144477,8336.265759135553,351.36333149365794,360,1,Urban,1
Male,Yes,3+,Graduate,No,12001.93830181163,2745.9001091260716,79.03478544031263,480,1,Semiurban,1
Female,Yes,1,Graduate,No,10066.892326186393,3085.690316843593,82.81598126045716,360,1,Rural,1
Male,Yes,0,Graduate,No,17713.31661321849,2387.2153036365135,113.27833903144754,180,1,Rural,1
Male,Yes,1,Graduate,No,59099.59926049723,12766.183567006316,94.29211672567943,300,1,Semiurban,1
Male,Yes,0,Graduate,No,11567.142967617707,673.5043030857618,169.754983581628,360,1,Urban,1
Female,Yes,2,Not Graduate,No,25611.086645644365,6182.069756783021,46.158670887395445,300,1,Urban,1
Male,Yes,1,Graduate,No,13025.295109159555,11176.80801970541,75.88685152294121,360,1,Rural,1
Male,Yes,1,Not Graduate,No,17885.628047983824,7041.7225290723145,373.7242851654278,360,1,Semiurban,1
Male,No,1,Graduate,No,6581.164803173806,0.0,85.0354322464878,300,1,Semiurban,1
Male,Yes,1,Graduate,No,18463.838392090503,1580.1323443031881,312.9542353346816,480,1,Urban,1
Male,Yes,0,Graduate,No,18864.472990148857,9402.82812258391,183.68143348525234,360,1,Semiurban,1
Male,Yes,1,Not Graduate,Yes,33935.95515102965,2624.619566802172,50.12096437918308,360,1,Semiurban,1
Male,Yes,0,Graduate,No,26334.225727799418,13096.329664155184,217.28231898953587,480,1,Rural,1
Male,No,2,Graduate,No,8444.63240387677,0.0,138.296456801266,360,1,Semiurban,1
Male,Yes,2,Not Graduate,No,52436.52110721217,1871.600192349911,112.92453528177516,240,1,Urban,1
Male,No,2,Graduate,No,26062.230349294645,0.0,171.910545273564,360,1,Semiurban,1
Male,Yes,1,Graduate,No,25815.098521283006,1652.6340255832695,197.31078832580113,360,1,Urban,1
Male,Yes,1,Graduate,No,21865.25480405669,547.1533384212224,226.9103698843849,360,1,Rural,1
Female,No,0,Graduate,No,14556.516506846643,0.0,300.95227836113884,360,1,Urban,1
Male,Yes,2,Graduate,No,26219.05909858187,6265.662048607328,189.5933561240276,360,1,Semiurban,1
Male,Yes,0,Graduate,No,32224.127388960565,15842.42111574446,65.01509974770835,300,1,Urban,1
Male,Yes,1,Graduate,No,5445.165593443077,3406.209097805714,111.69955536050732,360,1,Semiurban,1
Male,Yes,0,Graduate,No,14313.970968726495,14499.022040927328,867.6852217733209,360,1,Semiurban,1
Male,No,0,Graduate,No,17962.51604572607,0.0,229.22284123629484,240,1,Semiurban,1
Male,Yes,1,Graduate,No,27036.321577158356,1751.2478014248634,614.9693200637103,240,0,Urban,1
Male,Yes,0,Graduate,No,57219.42998507269,2108.453162782934,342.8388286167433,480,1,Urban,1
Male,Yes,2,Graduate,No,11879.949574329568,2598.0818117948293,171.58542420800978,360,1,Urban,1
Male,Yes,0,Graduate,No,14788.875512326338,3297.4781749378817,177.83288160077961,360,1,Semiurban,1
Male,Yes,0,Graduate,No,14617.470639800407,6830.090131363286,145.19126992125655,360,0,Urban,1
Male,Yes,1,Graduate,No,11600.203591320767,1748.0074080046174,52.31678364018051,360,1,Semiurban,1
Male,Yes,0,Not Graduate,No,16684.756613087073,3522.176580909356,150.0289614032182,360,1,Rural,1
Male,No,0,Graduate,No,40808.34100889059,0.0,306.8640241909608,360,1,Rural,1
Male,Yes,2,Not Graduate,No,9479.92424049836,981.3528857606125,103.56671589982604,180,1,Semiurban,1
Male,Yes,0,Not Graduate,No,31015.78402925856,2600.866592028515,190.02807025587418,360,1,Semiurban,1
Male,No,2,Graduate,No,5644.733220225996,0.0,247.38717699100778,360,1,Urban,1
Male,Yes,0,Graduate,Yes,14057.756729966672,2445.2516525634546,85.9866228941718,360,1,Semiurban,1
Male,Yes,0,Graduate,No,16922.65540752518,3096.758963442606,113.20703170710532,360,1,Rural,1
Male,Yes,2,Not Graduate,Yes,84110.58821480857,3264.324890744694,80.58021159936938,360,1,Urban,1
Female,Yes,0,Graduate,No,17679.44874630397,1774.449982846187,90.62232866916555,240,0,Semiurban,0
Female,Yes,0,Graduate,No,3785.772428373205,13728.890413745938,68.54132375059396,300,1,Rural,1
Male,No,0,Graduate,No,4451.021389310289,0.0,86.46424044249066,240,1,Rural,1
Male,Yes,0,Not Graduate,No,22634.34380291878,1254.9309998260437,347.8159318859431,240,1,Urban,1
Female,Yes,2,Not Graduate,No,35990.73001268662,83780.56589955467,85.68808483831657,480,1,Semiurban,1
Male,No,0,Graduate,No,29743.463903156626,0.0,160.11231399407995,240,1,Urban,1
Male,Yes,2,Graduate,No,25186.315357769246,587.275702621199,109.7580884167132,300,1,Urban,1
Male,Yes,2,Graduate,No,55815.544118288584,7196.658456431319,301.06300513263704,360,1,Rural,1
Male,Yes,1,Graduate,Yes,14304.465259427543,246.52321695348363,325.9348054099081,360,1,Rural,1
Male,No,3+,Not Graduate,No,45068.031797170894,0.0,249.24640595093643,240,1,Semiurban,1
Male,Yes,0,Graduate,No,5969.318775855024,39143.50980756521,178.33801885957246,360,0,Urban,1
Male,Yes,3+,Graduate,No,10679.077513567901,466.8821607636903,129.20034710233335,360,1,Rural,1
Male,Yes,0,Graduate,No,5189.366380653786,276.3429362621301,72.59348485286985,240,0,Semiurban,1
Male,Yes,1,Not Graduate,No,17678.84064147224,493.2334333661851,476.33306630644796,300,0,Urban,0
Male,Yes,1,Not Graduate,No,21226.18895183084,8760.703439474933,94.08477046598475,480,1,Semiurban,1
Male,Yes,0,Graduate,No,24131.69000764168,11495.742908907188,221.00554865078522,360,1,Urban,1
Male,No,1,Not Graduate,Yes,23144.366503272,0.0,280.2660536342856,360,1,Semiurban,1
Female,Yes,2,Graduate,No,10487.688614928024,6767.282518464137,106.36022713010624,180,1,Semiurban,1
Male,Yes,0,Graduate,No,18916.83082231329,15808.552863274263,276.6650355186904,300,1,Urban,1
Male,No,0,Graduate,No,6647.809395133087,0.0,234.751597224466,360,1,Urban,1
Male,No,2,Graduate,Yes,65550.96299648339,0.0,418.5424427809055,240,1,Urban,1
Male,Yes,1,Graduate,No,17276.44240257943,188.3371935127236,111.988044509217,300,1,Urban,1
Male,Yes,3+,Not Graduate,No,14896.642109616205,1113.1457478019747,68.6129703921822,360,1,Semiurban,1
Male,Yes,2,Graduate,No,78523.4246746114,1786.18076063602,109.58561837889854,300,1,Rural,1
Male,No,3+,Graduate,No,8153.501722502759,0.0,168.2266412861715,360,1,Urban,1
Male,No,2,Graduate,No,8951.087468735464,0.0,153.68847073552175,360,1,Urban,1
Male,Yes,0,Graduate,No,9163.868923954495,11414.885377456916,117.20649131258357,300,0,Semiurban,1
Male,No,0,Not Graduate,No,20862.381640495372,0.0,47.204136412683695,360,1,Rural,1
Male,Yes,2,Graduate,No,31110.644413564365,2425.98186762524,196.8200378301115,240,0,Urban,1
Male,Yes,1,Graduate,Yes,39804.70397018485,11138.71159739049,484.6401648602074,360,1,Urban,1
Male,Yes,0,Not Graduate,No,172404.07158168245,4578.806437398902,196.08549103334977,240,1,Semiurban,1
Female,No,0,Graduate,No,3642.603807520507,0.0,213.89415961376304,180,1,Urban,1
Male,Yes,3+,Graduate,No,35846.043284357555,8847.170669552896,209.2369169112062,360,1,Urban,1
Male,No,1,Graduate,No,14105.154006369561,0.0,188.33607538325347,360,1,Semiurban,1
Male,No,1,Graduate,No,13778.544031430813,0.0,259.5630343696258,480,1,Semiurban,1
Male,No,1,Not Graduate,No,13415.718185039867,0.0,188.1471197601239,300,1,Semiurban,1
Male,Yes,0,Not Graduate,Yes,10646.476415123912,1606.470669648084,123.025751864171,300,1,Semiurban,1
Male,Yes,0,Graduate,No,84763.46296601233,2561.062072876377,92.05688065550517,360,1,Semiurban,1
Male,Yes,0,Not Graduate,No,43210.459440767605,5051.008617425187,127.81907747647017,360,1,Urban,1
Male,Yes,0,Graduate,No,22439.022158121727,13650.788773168691,179.19555541657783,300,1,Urban,1
Male,Yes,2,Graduate,No,64913.61091145184,2894.9459488556367,122.77460852037056,360,1,Urban,1
Male,No,1,Graduate,No,6568.079976583796,0.0,179.21804802216153,360,1,Urban,1
Male,Yes,2,Graduate,No,7596.446832673301,8192.8465105329,193.15444078355165,360,1,Semiurban,1
Male,Yes,2,Graduate,No,3856.926162437711,7375.732655336948,244.66933815149343,480,1,Rural,1
Male,Yes,0,Graduate,No,12587.611159124252,289.96772066822393,320.4342096875677,300,1,Rural,1
Male,Yes,1,Not Graduate,No,25068.28602799399,2967.381044541831,155.52468283604955,360,1,Semiurban,1
Male,Yes,1,Graduate,No,23915.614772427318,442.2298648794507,67.71678362332256,300,1,Urban,1
Female,Yes,2,Graduate,No,24821.699485797908,1342.6743438245776,120.65527853335445,360,1,Urban,1
Male,No,0,Graduate,No,7123.500559122455,0.0,152.38916431719971,360,0,Rural,1
Male,Yes,1,Graduate,No,41878.33024027811,7872.395177692803,49.33031231159137,480,1,Semiurban,1
Male,No,1,Graduate,No,26680.867502607678,0.0,341.44913157574615,360,1,Semiurban,1
Male,No,0,Graduate,No,39594.41789950638,0.0,161.6489077887664,480,1,Semiurban,1
Male,Yes,0,Not Graduate,Yes,4845.425087953953,8570.48116721856,186.5709696001421,360,0,Semiurban,0
Male,No,1,Graduate,No,28259.718271804195,0.0,336.7416023090753,480,1,Rural,1
Male,Yes,2,Graduate,No,8516.730551293662,4429.918867622917,101.68850843336223,360,1,Urban,1
Male,No,0,Graduate,No,16028.78420836369,0.0,209.4374566533302,360,0,Semiurban,1
Male,Yes,1,Graduate,No,33775.5321658183,1922.126685949472,138.94546612856834,300,1,Rural,1
Female,No,0,Graduate,No,23691.577518732727,0.0,132.8934766401729,300,1,Urban,1
Male,No,2,Graduate,No,11145.242633265132,0.0,93.38068893913187,180,1,Semiurban,1
Male,No,0,Graduate,Yes,22137.284002288314,0.0,403.1714590687557,360,1,Urban,1
Male,No,2,Graduate,No,6468.967213645637,0.0,118.47476401000166,360,1,Rural,1
Female,Yes,0,Graduate,No,55282.62355581154,4305.898197165536,225.8065249063286,360,0,Urban,1
Male,Yes,0,Graduate,Yes,18690.53984888533,1762.8995660148196,48.18248472257327,480,1,Semiurban,1
Male,Yes,0,Graduate,No,53897.53135607085,3708.518905872698,301.2658561112371,480,1,Urban,1
Female,Yes,0,Not Graduate,No,14454.696388528708,5051.210808602093,279.0320622211783,240,1,Semiurban,1
Female,Yes,1,Graduate,No,14488.915811243753,2649.2402587251395,157.34808705543256,300,0,Urban,1
Female,Yes,0,Not Graduate,No,11951.960120032807,342.2356103740311,129.51989780200785,300,0,Urban,0
Male,No,2,Graduate,No,44397.53129251052,0.0,188.67010304113322,300,1,Semiurban,1
Male,Yes,0,Not Graduate,No,12487.14599913316,4616.8769600649,585.973400277106,360,1,Rural,1
Male,No,0,Graduate,No,36889.28269351887,0.0,51.52452874839348,360,1,Urban,1
Female,Yes,0,Graduate,No,16220.612384605525,638.2535107621103,237.27419956076238,360,0,Urban,1
Male,No,0,Graduate,No,4533.408483161914,0.0,85.88675435806218,360,1,Semiurban,1
Male,No,0,Not Graduate,Yes,13957.171564157741,0.0,146.65002446073828,360,1,Semiurban,1
Male,Yes,1,Graduate,Yes,8575.918916011133,2264.4852805661353,127.90296986838787,240,1,Rural,1
Male,Yes,1,Graduate,No,22632.046756956115,761.7059129814329,114.77905796321473,360,1,Urban,1
Male,No,1,Graduate,No,8498.745228970842,0.0,147.48418099963646,300,1,Semiurban,1
Male,Yes,1,Not Graduate,No,46202.0792085716,14230.01117140221,75.1508414317814,300,1,Urban,1
Male,Yes,1,Graduate,No,20478.673605867505,3516.4046102306947,275.202794840153,180,1,Urban,1
Male,Yes,0,Not Graduate,No,19109.162368938658,1539.6270944110538,50.577858085486845,360,1,Semiurban,1
Male,Yes,1,Graduate,No,37224.17557506267,5495.182495452475,205.1740632102725,300,1,Semiurban,1
Male,Yes,3+,Graduate,No,47625.592212541145,1121.8362997806694,122.0070083383028,300,1,Semiurban,1
Male,Yes,1,Graduate,No,21675.13431899391,18051.997750532526,73.51173576283648,360,1,Urban,1
Male,Yes,1,Not Graduate,No,11885.087718353863,15113.756610568496,167.574834120136,360,1,Semiurban,1
Male,Yes,0,Graduate,No,5328.4960326629935,1702.9394319985379,58.31325044988253,240,1,Semiurban,1
Male,No,2,Not Graduate,Yes,12722.917761709323,0.0,151.9920615795017,180,1,Rural,1
Male,Yes,2,Graduate,No,13443.220456621288,128.7973400368597,63.19807585221945,360,1,Urban,1
Male,No,1,Graduate,No,23996.084792915808,0.0,195.73530280391918,180,1,Urban,1
Male,Yes,3+,Graduate,Yes,16712.00320625059,597.4294909420047,85.23273722991266,480,1,Urban,1
Male,Yes,0,Graduate,No,38190.66441330969,3505.990687037481,113.22801186357012,360,1,Semiurban,1
Male,Yes,0,Not Graduate,No,13488.778317036866,2015.2923579906924,177.0389266138242,300,1,Urban,1
Male,Yes,2,Not Graduate,No,21043.922214511018,593.2390367142501,93.36109651183043,240,1,Rural,1
Female,Yes,2,Not Graduate,No,56794.22656482195,2127.287874561705,143.3403109955667,180,1,Urban,1
Male,Yes,0,Graduate,No,28953.89948491533,5466.558712177697,59.84163757912462,240,1,Rural,1
Female,Yes,0,Graduate,No,20993.53824316937,5616.181254793117,216.70248201266674,240,1,Urban,1
Male,Yes,0,Graduate,No,13608.426105485958,305.0255864135495,427.9251441032267,360,1,Semiurban,1
Male,Yes,0,Not Graduate,No,13272.040489718458,2555.7060971471483,792.6052628732627,240,1,Rural,1
Male,Yes,2,Graduate,No,11153.508573270503,566.7912485721449,156.75763524126015,360,0,Urban,1
Male,Yes,1,Graduate,No,14288.274393064472,8796.194260869888,238.1551815410359,360,1,Rural,1
Male,No,0,Graduate,No,40317.16835528498,0.0,50.98974817062054,300,1,Semiurban,1
Male,Yes,0,Graduate,No,18443.9075891441,1014.7193273024237,365.6368383237613,180,1,Rural,1
Male,Yes,0,Not Graduate,No,7481.447321982895,1188.8547849182044,236.4500789139188,180,1,Semiurban,1
Female,No,0,Graduate,No,90629.5351960833,0.0,111.0121808888815,180,1,Urban,1
Female,Yes,1,Graduate,No,28451.95496230431,199.66639050291,311.78332648862965,360,1,Urban,1
Female,Yes,3+,Graduate,No,7146.980791530524,4461.149771669034,127.39778464470245,300,1,Urban,1
Male,No,2,Graduate,No,15467.879434836877,0.0,112.75134306440508,360,1,Urban,1
Male,Yes,0,Graduate,No,24069.70094379659,9549.175542133593,197.39384679385782,300,1,Urban,1
Female,Yes,2,Graduate,No,86135.22074339425,797.8406880186773,78.41280946957366,360,1,Urban,1
Male,Yes,2,Not Graduate,Yes,9077.099964337642,1418.0705543565593,273.95801333428346,360,1,Semiurban,1
Male,Yes,2,Not Graduate,No,48090.1462521579,488.90573031728275,78.7600676606161,360,1,Semiurban,1
Male,Yes,1,Graduate,No,67480.17578009354,893.2364467342644,79.04103327031203,300,1,Urban,1
Male,Yes,0,Graduate,No,13320.727449651746,721.7087071031466,85.98614055721661,240,0,Urban,1
Female,Yes,0,Not Graduate,Yes,17641.14267420033,9849.425569178995,234.08868107344693,360,1,Semiurban,1
Male,Yes,0,Graduate,No,9613.77843491615,1289.5979492100278,102.50737867781758,300,1,Urban,1
Male,No,0,Graduate,No,18717.81619797692,0.0,66.10223306242708,300,1,Urban,1
Male,No,0,Graduate,No,21391.05280853706,0.0,103.19206907423896,360,1,Urban,1
Male,Yes,1,Graduate,No,37336.25055662275,649.7850921667575,145.58710650124098,360,1,Rural,1
Male,Yes,2,Graduate,Yes,52688.198750059644,2435.821845670175,73.06989945562076,360,1,Rural,1
Female,Yes,1,Not Graduate,Yes,12106.807156335823,6117.593004566928,74.36544124862694,360,0,Urban,1
Male,Yes,0,Graduate,No,4564.845502883412,699.7259294005622,526.7772588460056,360,1,Semiurban,1
Male,Yes,3+,Graduate,No,21655.271185753223,7870.96025733713,88.55827037909795,360,1,Semiurban,1
Male,Yes,3+,Graduate,No,27856.734348630558,1075.2784112361257,122.26301425177725,360,1,Semiurban,1
Female,No,2,Graduate,Yes,26890.656147806196,0.0,119.06359945194338,360,0,Semiurban,1
Male,Yes,3+,Graduate,No,16960.822455232283,5635.379367383223,115.2594777960682,360,1,Semiurban,1
Female,Yes,1,Not Graduate,No,24338.182190919597,1344.6332944584417,215.46705998907623,300,0,Urban,0
Male,Yes,3+,Not Graduate,No,74039.63572367892,3118.445224767208,262.1418502147219,300,1,Urban,1
Male,Yes,0,Graduate,No,29893.230682555346,2043.401306339837,123.52299598979505,360,1,Semiurban,1
Male,No,0,Not Graduate,No,16338.919824179771,0.0,70.6764929873286,360,0,Rural,0
Male,No,0,Not Graduate,Yes,14762.445169483939,0.0,318.8319421062082,180,1,Semiurban,1
Male,No,0,Not Graduate,Yes,19227.90933719348,0.0,140.161502256093,360,1,Rural,0
Male,Yes,0,Graduate,No,81584.2876795258,6242.65222585698,419.135010554656,180,1,Rural,1
Male,Yes,1,Graduate,No,19022.151212883942,10348.715521394512,38.576699775838996,360,1,Urban,1
Female,Yes,2,Graduate,Yes,21680.413416172854,999.6607343436502,166.87448329163283,360,0,Semiurban,0
Male,Yes,1,Graduate,No,14975.175512031445,2224.2298000532437,469.26319777572746,480,1,Semiurban,1
Male,Yes,0,Graduate,Yes,53060.42757309604,4245.70474860408,120.06599125314708,180,0,Rural,1
Female,No,2,Graduate,No,105648.18080206268,0.0,129.63255469378444,360,1,Rural,1
Male,Yes,1,Not Graduate,No,31586.668875853942,261.5923233068019,177.20495755533494,300,1,Semiurban,0
Male,Yes,0,Not Graduate,No,23534.396786690028,1029.4209139221152,106.13612927950156,300,1,Urban,1
Female,Yes,1,Not Graduate,No,22684.25309599759,2000.0045692813553,123.07043586352883,180,1,Semiurban,1
Male,Yes,0,Graduate,No,3270.0304277535065,6931.061372649833,121.1841080677917,360,1,Urban,1
Male,Yes,0,Graduate,No,39979.44361714256,59761.479715306814,101.8547276476981,360,1,Semiurban,1
Male,No,3+,Graduate,No,24522.17606869859,0.0,310.229991392775,240,1,Rural,1
Male,No,0,Graduate,No,31028.879312401397,0.0,195.71251443188328,360,0,Urban,1
Male,No,1,Graduate,Yes,12466.872991688911,0.0,172.49649876690557,360,1,Semiurban,1
Male,Yes,2,Graduate,No,16194.622097532032,14547.79838564006,241.08332102504943,360,1,Semiurban,1
Female,Yes,2,Graduate,No,15854.046569613716,3393.499419818745,126.64482311357618,480,1,Semiurban,1
Male,Yes,0,Not Graduate,No,49876.15876264078,1004.2755811597109,93.26805965437298,300,1,Urban,1
Male,Yes,0,Graduate,No,16268.599709569282,9410.606938192679,103.38143672974684,480,1,Semiurban,1
Male,No,0,Graduate,No,116556.13223256642,0.0,148.57202012202998,360,1,Rural,1
Male,Yes,1,Graduate,No,31091.50579229455,870.1825236692717,78.60796066063361,300,1,Rural,1
Male,Yes,1,Graduate,No,7938.295605990239,4711.2603480829075,109.92995497897162,240,1,Urban,1
Male,Yes,0,Graduate,No,19873.907419315663,9864.706646232029,108.88910890441849,300,1,Rural,1
Male,Yes,3+,Graduate,No,13077.649437839955,12311.241303173076,530.9849817564384,300,1,Semiurban,1
Male,No,1,Graduate,No,3806.6089184566517,0.0,28.098355065716543,360,1,Urban,1
Female,Yes,0,Graduate,Yes,79187.738752853,1939.7311589326732,133.2501471228275,360,1,Urban,1
Male,Yes,1,Graduate,No,38658.19388617913,13000.311354428404,417.9727653298685,360,1,Urban,1
Female,Yes,1,Graduate,No,33744.268319887386,697.7126881231934,159.66959972822755,360,1,Rural,1
Male,Yes,0,Graduate,Yes,25142.701339963096,5045.717532342964,233.23592246368733,240,1,Semiurban,1
Female,No,0,Not Graduate,No,7290.926764019887,0.0,157.57409452318439,360,1,Semiurban,1
Male,No,2,Graduate,No,14959.566717209302,0.0,99.44452701633105,300,0,Urban,1
Male,No,1,Graduate,No,43192.606762415024,0.0,38.66173840587316,480,1,Semiurban,1
Male,No,1,Graduate,No,9499.780539095913,0.0,167.8840247624671,240,1,Urban,1
Male,Yes,1,Not Graduate,No,2906.150252421872,5375.9754071337775,93.18959159022181,480,1,Urban,1
Male,Yes,0,Not Graduate,Yes,18367.079688097252,686.8635971232826,91.8171185022045,180,1,Semiurban,1
Male,Yes,0,Graduate,No,19664.96601717999,16474.24083502631,110.01400175927024,240,1,Urban,1
Male,Yes,1,Graduate,No,24549.597381069943,19177.525388722122,422.80743710811333,180,1,Rural,1
Male,No,0,Not Graduate,No,39451.00948072414,0.0,628.2276026136925,360,1,Urban,1
Male,Yes,0,Graduate,Yes,36683.58466999649,1195.230773901381,169.0720173837076,360,0,Semiurban,1
Male,No,2,Graduate,No,27092.5983025508,0.0,112.29615984459143,300,1,Semiurban,1
Male,Yes,3+,Graduate,No,57321.1595109101,3549.3247776049197,73.23431897325214,480,0,Semiurban,1
Male,Yes,2,Not Graduate,No,6534.323984584592,1281.1937260651566,196.5907382377516,360,1,Urban,1
Male,Yes,2,Not Graduate,No,32980.29205463839,22715.797509536314,432.56965266910527,360,1,Urban,1
Female,No,0,Graduate,No,36360.22333755501,0.0,127.94439657536822,360,1,Rural,1
Male,Yes,3+,Graduate,No,8171.029348250947,116.27782183791702,35.60914103514078,300,0,Urban,1
Male,Yes,0,Graduate,No,6619.026032149052,4479.322002853746,221.85628404890437,300,1,Rural,1
Male,Yes,3+,Graduate,No,12127.686991727625,1962.9645280129425,268.0677713917722,480,1,Rural,1
Female,Yes,3+,Not Graduate,No,12974.833116022195,2724.630584694614,57.31100220047252,480,1,Urban,1
Male,Yes,2,Graduate,Yes,40244.779428791044,1915.3521232018181,164.99093123826518,480,1,Urban,1
Male,No,3+,Graduate,No,13472.00318700428,0.0,194.5590293238758,480,1,Semiurban,1
Male,Yes,1,Graduate,Yes,11102.451129220528,11425.755428855013,142.04382245006542,240,1,Rural,1
Male,Yes,0,Graduate,No,13503.349039281824,4186.681920212848,92.34554347232441,360,1,Rural,1
Male,Yes,1,Graduate,No,53901.083962876015,1983.913276472813,273.02471825318196,300,0,Semiurban,0
Female,Yes,1,Graduate,No,22257.508681622727,2836.6962286592457,116.50942283267001,480,1,Semiurban,1
Female,No,0,Graduate,No,19083.87811237881,0.0,60.87900089596228,360,1,Urban,1
Male,Yes,1,Graduate,No,20170.886896231794,1138.0641138535864,43.39374509992357,360,1,Rural,1
Male,Yes,3+,Graduate,Yes,61923.081166173564,5971.266800621037,316.24262259272246,360,1,Rural,1
Female,Yes,0,Graduate,No,12096.393371921979,5177.361220850973,214.86252089073707,300,1,Urban,1
Male,No,2,Graduate,Yes,63095.62001647907,0.0,156.45745629721569,180,1,Urban,1
Male,No,3+,Not Graduate,Yes,26066.260062992373,0.0,113.95859924189686,360,0,Urban,1
Male,Yes,3+,Not Graduate,No,19373.55933240417,1309.224294087303,108.05074214669969,360,1,Urban,1
Male,Yes,3+,Not Graduate,No,162872.08194465563,7977.322033998672,77.83241665619596,240,1,Rural,1
Male,Yes,1,Graduate,No,9466.252723753758,952.276982317382,114.5631974201465,360,1,Urban,1
Male,No,3+,Not Graduate,No,16598.230833111567,0.0,41.59365663596638,360,1,Urban,1
Female,Yes,2,Graduate,Yes,8217.776960141457,1603.690735408733,95.42702391773189,300,1,Urban,1
Female,Yes,0,Graduate,No,47191.523870328274,873.1401941993836,123.15423219916809,300,1,Rural,1
Male,Yes,1,Graduate,No,85080.32990745766,4171.597818211335,213.9897310909612,360,1,Semiurban,1
Male,Yes,2,Graduate,No,83779.04747898346,120.36387498676173,144.90003950689552,360,1,Semiurban,1
Female,Yes,0,Graduate,No,58639.21809688869,364.61037245939656,239.11721435183492,360,1,Urban,1
Female,No,1,Graduate,No,18805.480565259935,0.0,333.44604330235467,360,0,Rural,0
Male,Yes,1,Graduate,Yes,16445.50091221445,3290.9452744768028,280.0314886455243,180,1,Rural,1
Female,Yes,0,Graduate,No,5785.234542405196,1913.745270820101,196.82320877401415,360,1,Urban,1
Female,Yes,1,Graduate,No,112274.138875328,447.94768074277096,149.47327398350143,240,1,Urban,1
Male,No,2,Graduate,No,32054.166776282098,0.0,82.39520100195546,240,1,Urban,1
Male,Yes,1,Graduate,No,14860.091505675107,4766.898642644941,231.35803156445343,360,1,Urban,1
Male,No,0,Not Graduate,No,63732.21930086209,0.0,406.6075336109755,480,1,Semiurban,1
Male,Yes,0,Not Graduate,No,10115.137939095937,2923.48670181559,182.22890631208548,300,1,Rural,1
Male,Yes,0,Graduate,No,30494.378294025533,11946.58254837578,468.8840403036183,240,1,Semiurban,1
Female,Yes,3+,Graduate,No,19185.243457013006,4802.425722748352,59.42155118700543,360,1,Rural,1
Male,Yes,0,Graduate,No,36715.03825773027,1215.6731256540322,74.25476636810126,360,1,Semiurban,1
Male,Yes,1,Not Graduate,No,20934.23568124483,2128.978435494995,247.9236670538536,360,0,Semiurban,0
Male,No,0,Graduate,No,6899.868877273018,0.0,173.91629601633997,360,1,Semiurban,1
Male,Yes,0,Graduate,No,23399.2932555646,2618.176105851089,326.4475543471049,360,1,Urban,1
Female,Yes,2,Graduate,No,50975.03660300106,11322.20072350529,147.04181697812157,360,1,Urban,1
Male,Yes,2,Graduate,No,21517.60842250547,6784.175871926433,88.16541328526048,240,1,Semiurban,1
Male,No,0,Graduate,No,40949.3860817946,0.0,130.56145750962673,300,1,Urban,1
Male,No,1,Not Graduate,No,9543.126264683464,0.0,59.16851844654954,300,0,Urban,0
Male,Yes,0,Graduate,No,21568.546791794535,14992.71586918294,75.40288946840482,360,1,Semiurban,1
Male,No,1,Graduate,No,13364.960003374365,0.0,265.99204405076443,480,1,Rural,1
Male,Yes,1,Not Graduate,No,40038.01561290547,17429.197551203997,250.55349451437928,360,0,Semiurban,0
Male,Yes,0,Not Graduate,No,22588.4332197874,2903.789546396498,184.52825047848884,240,1,Rural,1
Male,No,0,Graduate,No,38256.12438465825,0.0,52.844492001470144,240,0,Semiurban,1
Male,No,0,Graduate,No,52584.06157499986,0.0,119.69631833938251,300,1,Semiurban,1
Male,Yes,3+,Graduate,Yes,38303.43508679217,2363.471627461901,71.16492472749431,300,1,Semiurban,1
Female,Yes,3+,Not Graduate,No,27405.383397390367,3874.092748877674,300.641929095069,360,0,Rural,0
Male,Yes,0,Graduate,No,9911.293992214167,13997.529241151193,104.56059082280845,480,0,Semiurban,1
Male,No,2,Not Graduate,Yes,21977.425930260837,0.0,77.36630682885378,480,0,Semiurban,0
Male,Yes,0,Graduate,No,14379.05162874908,610.8975450036364,151.09030419299205,360,0,Semiurban,1
Male,Yes,0,Graduate,No,16726.487748898562,39011.371732793414,101.0794989860152,360,1,Semiurban,1
Male,Yes,2,Graduate,No,16323.689567388621,1696.432240719168,361.49432612973783,360,1,Urban,1
Male,Yes,3+,Graduate,No,10057.355538630241,3606.551245776522,95.49877894411874,240,1,Urban,1
Female,Yes,3+,Graduate,Yes,4601.460944538288,11934.731042654672,64.10119743370835,360,1,Urban,1
Male,No,1,Graduate,No,12906.489957738902,0.0,40.782451987491235,360,1,Rural,1
Male,Yes,0,Graduate,No,25711.755057393704,889.4101623930178,145.69685077964508,360,1,Urban,1
Male,Yes,2,Not Graduate,No,7491.005878265853,4041.959006915786,105.93671967895227,240,1,Urban,1
Female,Yes,0,Graduate,Yes,22304.545910843375,346.64746846472485,62.96992529195222,300,1,Semiurban,1
Male,No,1,Graduate,No,100731.59059083638,0.0,302.9403364618888,300,1,Urban,1
Male,Yes,0,Graduate,Yes,49933.39239474689,3999.9870283268715,221.4832771536806,480,1,Semiurban,1
Male,Yes,1,Graduate,No,82029.41712146938,2156.1030415419036,145.92156811022033,300,1,Urban,1
Male,No,0,Graduate,No,30118.72353037524,0.0,336.49919153203973,360,1,Rural,1
Male,No,0,Graduate,No,56050.47249726162,0.0,220.85836639742317,360,1,Rural,1
Female,No,3+,Not Graduate,No,12342.80048790204,0.0,90.58480276595834,300,1,Rural,1
Male,No,0,Graduate,No,13154.61315539302,0.0,79.55653504808281,360,1,Semiurban,1
Male,Yes,1,Graduate,No,2461.8978989040875,2181.9112672622036,242.4484054409193,360,1,Semiurban,1
Male,No,0,Graduate,Yes,56892.36220655837,0.0,188.2592823093172,360,1,Urban,1
Male,Yes,0,Graduate,No,75528.03447427682,4117.564407486217,164.32540861643588,480,1,Urban,1
Male,No,0,Graduate,No,14149.834455177217,0.0,89.3089152993824,240,1,Urban,1
Male,No,0,Not Graduate,No,17976.823697473617,0.0,213.7417563316024,180,0,Semiurban,0
Male,No,2,Not Graduate,No,12051.089009253788,0.0,94.32069928074556,360,1,Semiurban,1
Male,Yes,0,Graduate,No,29915.22542107974,1412.7249860943211,139.60374369160363,360,1,Semiurban,1
Male,Yes,3+,Graduate,Yes,54173.44031542733,327.56297879286547,353.6000555394964,480,0,Urban,1
Male,Yes,1,Graduate,No,5463.1587161100315,14673.51232468197,99.83306674140334,360,1,Semiurban,1
Male,No,1,Graduate,No,30563.165606436898,0.0,57.75479901385297,480,1,Semiurban,1
Male,No,1,Graduate,No,17653.027592285485,0.0,78.92292038789239,360,1,Semiurban,1
Male,Yes,1,Graduate,No,24118.04304849332,358.3588632246295,269.5029390923455,360,0,Semiurban,1
Male,Yes,2,Graduate,Yes,31799.161526817275,24079.828659216248,172.92166395295965,360,1,Urban,1
Female,Yes,0,Graduate,No,18947.70412811715,634.3642367256825,137.36938972821176,300,1,Rural,1
Female,No,0,Graduate,No,20274.72909317535,0.0,109.34890319113293,480,1,Semiurban,1
Male,No,2,Graduate,No,18562.52172577125,0.0,198.58474669986745,300,1,Urban,1
Male,Yes,3+,Graduate,Yes,47870.41546764259,4944.644346369686,89.16932491958738,360,1,Urban,1
Male,Yes,2,Graduate,No,30791.931430554443,2775.0244185224524,178.2878432636756,300,1,Semiurban,1
Male,No,1,Not Graduate,No,26277.460360220874,0.0,95.70277153637446,360,1,Rural,1
Male,No,2,Graduate,No,7968.397006420449,0.0,86.60905478623117,360,1,Semiurban,1
Male,Yes,1,Graduate,No,16270.943772242306,3734.4670837164713,101.24137722042525,180,1,Urban,1
Male,Yes,1,Graduate,No,45203.75005834081,1159.0907215817774,118.48134619518925,360,1,Rural,1
Male,Yes,0,Not Graduate,No,22700.841164757505,3804.848113910442,144.12804393060483,300,1,Semiurban,1
Male,Yes,1,Graduate,No,37332.710396852206,6755.363700232808,170.93330942460221,360,1,Semiurban,1
Male,Yes,0,Graduate,No,90509.44059932379,9461.663222842082,16.231938685674233,240,1,Semiurban,1
Male,Yes,0,Graduate,No,50558.42389474808,684.4289018686927,91.4150079139315,180,1,Urban,1
Male,No,2,Graduate,No,23730.74325256206,0.0,117.33792428416332,240,1,Semiurban,1
Male,Yes,0,Not Graduate,No,14635.548306410616,7487.387471516966,366.1478535097388,360,1,Urban,1
Male,No,0,Graduate,No,2855.951447543927,0.0,77.63345341267082,180,0,Rural,0
Male,Yes,0,Not Graduate,Yes,19250.49516075472,11019.74452613673,163.64148549772986,480,1,Semiurban,1
Male,Yes,3+,Not Graduate,No,16969.790338951843,50944.35952305719,363.9506151769197,240,0,Semiurban,0
Male,Yes,1,Not Graduate,No,30100.376396211293,530.3493173234594,67.5061619615782,240,1,Semiurban,1
Male,Yes,1,Graduate,No,19474.784757282818,2274.8851099987473,187.98931676902657,240,1,Rural,1
Male,No,2,Graduate,Yes,17046.359697719457,0.0,91.7105021199007,180,0,Rural,1
Male,No,2,Graduate,No,5305.402158359794,0.0,109.64191687391362,360,1,Semiurban,1
Male,Yes,0,Not Graduate,No,10384.044627787314,4621.492991987374,91.66434667040103,360,1,Semiurban,1
Female,Yes,1,Graduate,Yes,32251.53224733158,2844.1099811580652,95.66816748361246,360,1,Semiurban,1
Female,No,2,Graduate,No,86918.4937360222,0.0,759.8699412820113,240,1,Semiurban,1
Male,Yes,1,Graduate,No,20373.283578275266,254.8264131409334,246.33035049192253,300,1,Urban,1
Male,Yes,0,Graduate,No,28631.101152938594,4666.8538045213445,287.4482135044988,360,1,Semiurban,1
Male,No,2,Not Graduate,Yes,47192.13496361847,0.0,199.3767183333607,480,1,Urban,1
Male,Yes,1,Graduate,Yes,11513.607215847573,1466.7111394339827,56.61341249195925,240,1,Rural,1
Female,Yes,0,Not Graduate,No,29538.543080088704,5054.690559423084,188.1001967314475,360,1,Urban,1
Male,Yes,1,Graduate,Yes,12180.698831352356,454.05885395239926,282.5223800047494,300,1,Rural,1
Male,No,0,Not Graduate,No,43996.244227568706,0.0,88.93985151425876,300,1,Semiurban,0
Male,Yes,0,Graduate,Yes,24862.661984666756,1859.2737671733505,264.8585739440597,360,0,Semiurban,1
Male,Yes,2,Graduate,No,27966.466632945103,1194.0407940936702,226.46756321692726,180,1,Semiurban,1
Male,No,0,Not Graduate,Yes,11777.204523791004,0.0,450.89027935962037,360,1,Urban,1
Male,Yes,1,Graduate,No,38778.67990829998,1858.7622748278015,115.50689122778469,240,1,Urban,1
Male,No,1,Not Graduate,No,116747.6838726902,0.0,76.81757158278909,360,1,Urban,1
Female,Yes,0,Graduate,No,9834.684427788045,617.3302664458441,119.4649633163634,180,1,Semiurban,1
Female,No,3+,Graduate,No,16784.192400221986,0.0,351.19534105989146,480,1,Semiurban,1
Male,Yes,0,Graduate,No,26510.23010916135,2836.2381737328033,49.548722157595186,240,1,Semiurban,1
Male,Yes,0,Graduate,No,41320.95228669571,797.2377421136694,42.90440797868244,360,1,Urban,1
Male,Yes,0,Graduate,No,14077.921129638624,25745.065122826538,156.59097756335643,360,1,Urban,1
Male,Yes,0,Graduate,No,2283.753791470263,1070.418983233246,113.80044412167142,480,1,Semiurban,1
Male,No,0,Graduate,No,65339.471413048355,0.0,149.1029095858754,360,1,Rural,1
Male,No,2,Graduate,No,40473.588140116866,0.0,261.6969258819137,360,1,Semiurban,1
Male,Yes,3+,Not Graduate,No,5462.391495107431,25801.195436019858,106.53338309556342,300,0,Semiurban,0
Male,Yes,0,Not Graduate,No,13547.332813177743,5787.676960870653,48.24038346237902,240,0,Semiurban,0
Male,No,1,Graduate,No,77230.20713565963,0.0,506.0770519724572,300,1,Urban,1
Male,No,2,Graduate,No,70139.20118514754,0.0,81.58643639764067,240,0,Rural,1
Female,Yes,2,Graduate,No,46672.57528428149,3792.718916714732,78.61619541859818,480,1,Semiurban,1
Male,Yes,1,Graduate,No,19131.855516292304,4059.049473402322,287.7902764902289,180,0,Urban,1
Male,Yes,0,Not Graduate,No,23538.435918673193,1971.6525924725993,117.83749654180184,360,1,Semiurban,1
Female,Yes,0,Not Graduate,No,19836.11124635385,1212.8167376814993,142.87442373830092,360,1,Urban,1
Male,Yes,2,Graduate,No,54316.961662233465,4470.785140668446,198.2787907502427,360,1,Rural,1
Female,Yes,2,Not Graduate,No,10930.650284755973,1549.8219370712552,284.3340734660269,360,1,Urban,1
Male,Yes,0,Graduate,No,11560.625804432506,26373.282640186422,121.50113254448397,240,1,Semiurban,1
Male,No,0,Not Graduate,Yes,49425.396460767566,0.0,369.43366709251774,360,1,Urban,1
Male,Yes,3+,Graduate,No,21258.473240175485,18833.41806392806,41.203371715389075,300,0,Semiurban,0
Male,Yes,2,Graduate,No,66354.96612523016,2608.204627524287,234.1290226316099,480,1,Semiurban,1
Male,Yes,3+,Graduate,No,12871.749587244145,4268.009681557904,89.68320041574427,360,1,Semiurban,1
Male,Yes,2,Graduate,No,21082.05137507944,8101.376949310925,338.10712730797036,480,1,Semiurban,1
Male,Yes,0,Graduate,No,10530.905692623857,1399.2628566803883,161.61657150936807,180,1,Rural,1
Male,Yes,1,Not Graduate,No,22156.587717537535,8409.33823196427,99.11262212608563,300,0,Urban,0
Female,Yes,1,Graduate,No,6749.086560917933,115.69383790608008,220.89879507925409,240,1,Urban,1
Female,Yes,0,Graduate,No,14911.578388704806,1256.4085340872632,253.63925670717188,180,1,Urban,1
Male,Yes,1,Graduate,No,6981.345261481641,983.5068779951913,218.13987243494708,240,1,Rural,1
Male,Yes,2,Graduate,No,38374.121286397705,662.3491177660296,80.01245069247544,360,0,Urban,1
Male,No,0,Graduate,No,39076.30186462927,0.0,111.00660741774979,240,1,Semiurban,1
Male,Yes,2,Graduate,No,5518.105178691541,4735.771660468563,148.05092430561604,360,1,Semiurban,1
Female,No,1,Graduate,No,64030.10205670507,0.0,144.78417834521284,360,1,Urban,1
Male,Yes,3+,Graduate,No,162418.57871744054,3980.0597416891515,232.72262301960342,360,1,Urban,1
Male,Yes,0,Graduate,No,22852.255704906547,1340.9959218187741,44.303304169827726,300,1,Urban,1
Male,Yes,0,Not Graduate,No,13188.606498792418,4641.624656351731,181.38035454613248,300,1,Semiurban,1
Male,Yes,1,Not Graduate,No,210968.57607282573,3460.411646047016,124.7125123588087,360,1,Urban,1
Male,No,0,Graduate,No,7668.108098033693,0.0,89.73847709118175,240,0,Urban,1
Female,No,2,Graduate,No,22383.630143046586,0.0,95.0599678842104,360,0,Rural,1
Male,No,2,Graduate,No,25430.329567036297,0.0,130.48749537484517,300,1,Rural,1
Male,Yes,0,Graduate,No,64609.58777722103,1015.6625047666123,17.10462572778897,360,1,Urban,1
Male,Yes,1,Graduate,No,29371.82557577501,1361.659986857703,97.43897236064477,360,1,Urban,1
Female,Yes,1,Graduate,No,14780.926570497462,1541.101606278623,87.75168857775985,360,1,Urban,1
Female,Yes,0,Graduate,No,10291.282984301526,2041.9906079975497,204.31643123693274,300,1,Semiurban,1
Male,Yes,3+,Graduate,No,16756.517127230883,4111.982342997662,91.53157461301244,240,1,Rural,1
Male,Yes,2,Graduate,No,9842.43197306791,7031.879253078528,130.44239607131277,360,1,Urban,1
Male,Yes,1,Not Graduate,Yes,22885.533289418505,2803.5943472622753,374.415437576567,360,1,Urban,1
Male,Yes,2,Not Graduate,No,14025.649733282586,3039.200436450883,269.5114597987269,240,1,Semiurban,1
Female,No,1,Graduate,No,6665.963380433013,0.0,255.02532143307212,240,1,Semiurban,1
Male,No,3+,Graduate,No,60121.129475010246,0.0,109.95558832357285,240,1,Urban,1
Male,No,1,Not Graduate,No,14792.298922563958,0.0,205.57673438537896,360,1,Semiurban,1
Male,Yes,2,Not Graduate,No,7986.3615215978025,362.6631794546172,128.9805115544755,240,1,Urban,1
Male,Yes,2,Graduate,No,19252.432443029844,1294.4235893651091,131.93957776617054,360,1,Urban,1
Male,Yes,0,Graduate,No,23264.811286610366,5259.412165726556,189.76969516928597,360,1,Semiurban,1
Male,No,2,Graduate,No,5447.034545817472,0.0,103.731294299534,360,1,Rural,1
Male,Yes,0,Graduate,No,28719.112868365857,2240.897098528855,363.5082027217183,360,0,Semiurban,1
Male,Yes,0,Graduate,No,9530.704754305027,5217.207337468211,134.81748708862511,360,0,Rural,1
Male,No,0,Graduate,No,86579.90704400948,0.0,215.081352387356,360,1,Semiurban,1
Male,Yes,3+,Graduate,No,33495.56797011903,816.1193262321773,355.4413609563208,180,0,Semiurban,1
Male,Yes,2,Graduate,No,15995.776664540745,9862.265892574807,275.61149981682064,300,1,Semiurban,1
Male,Yes,2,Not Graduate,No,12135.20223856426,11531.297128357088,63.72956211646516,360,1,Rural,1
Male,Yes,2,Graduate,No,20252.344304329297,768.2999150753028,193.8214815075044,360,1,Rural,1
Male,Yes,1,Graduate,No,35962.52105269921,1109.2016002317846,247.2578295853803,360,1,Urban,1
Male,Yes,3+,Graduate,No,21581.779523906713,12447.920001408203,253.4376442026122,240,1,Rural,1
Male,Yes,1,Graduate,No,18513.823611729666,2499.3245003697607,76.09808494199514,360,1,Rural,1
Male,Yes,0,Not Graduate,No,23079.41174520177,207.73567183580877,100.06088570797844,240,1,Semiurban,1
Female,No,0,Graduate,No,13587.59950952082,0.0,269.54488925842463,360,1,Urban,1
Male,Yes,2,Graduate,No,16737.973151143913,2210.019128254285,93.96701135004237,300,1,Rural,1
Male,Yes,2,Graduate,No,4152.08563185672,738.2989468847273,123.98769985924507,360,1,Rural,1
Male,Yes,0,Graduate,No,48001.18536464568,1815.09207463062,382.0400651510612,180,1,Urban,1
Male,No,0,Not Graduate,No,27974.208069096425,0.0,144.21719325812768,300,0,Rural,0
Male,Yes,2,Graduate,Yes,11863.661180334111,17235.13867148425,95.96039145313257,360,1,Urban,1
Male,Yes,0,Graduate,No,100608.09343825124,2103.7048856105093,87.65683473270494,240,1,Urban,1
Male,No,2,Graduate,Yes,23614.428570758617,0.0,181.2054730732271,360,1,Semiurban,1
Male,No,3+,Graduate,Yes,9615.0527326214,0.0,66.69374663402897,360,1,Semiurban,1
Male,Yes,1,Not Graduate,No,43712.52429562128,16666.760124933986,127.94473612454125,360,1,Semiurban,1
Male,No,0,Not Graduate,No,30285.93139292353,0.0,181.26106152825918,300,0,Urban,0
Male,Yes,2,Graduate,No,30202.016975088452,282.6058081517617,323.59408048602626,360,0,Rural,1
Male,Yes,2,Graduate,No,15668.310566230355,5182.225304590695,221.52353756071628,360,0,Urban,1
Male,Yes,1,Not Graduate,No,31583.704273735195,10488.973750415062,96.69492596999126,360,0,Urban,0
Male,Yes,3+,Not Graduate,No,17864.90348219742,2704.6274989932604,300.982339580707,360,0,Urban,0
Male,No,0,Graduate,No,34363.60060874905,0.0,124.00116707693527,300,1,Semiurban,1
Male,Yes,1,Graduate,No,4798.431807723718,8364.90514428212,70.70937642216347,240,1,Rural,1
Male,Yes,2,Graduate,No,15566.88576324747,5895.402286237746,133.85741743290714,240,1,Semiurban,1
Female,No,2,Not Graduate,No,87353.9974619449,0.0,351.74325515040306,180,1,Rural,1
Male,No,0,Graduate,No,11924.448122854923,0.0,163.88156954531954,300,0,Urban,1
Male,Yes,2,Graduate,No,13587.823801809383,149.69911816480632,149.53240401345147,360,1,Semiurban,1
Male,Yes,1,Not Graduate,No,15392.427231430273,1637.675697989291,396.361624140356,360,1,Semiurban,1
Male,Yes,0,Graduate,No,8334.469044940559,12539.032181471151,62.87741842948045,240,1,Semiurban,1
Male,No,0,Graduate,Yes,3764.519009746119,0.0,68.62387673725725,480,1,Urban,1
Male,Yes,2,Graduate,No,18316.0111252173,2279.7771905167515,56.288605035350955,360,1,Semiurban,1
Female,No,0,Graduate,Yes,24555.411564696147,0.0,185.59908899130497,480,1,Semiurban,1
Male,Yes,0,Graduate,No,21120.42678352041,25354.3885972314,164.0048296160718,360,1,Semiurban,1
Female,Yes,0,Graduate,No,19615.927650553454,22421.844171858607,374.51873198872545,360,1,Semiurban,1
Male,Yes,2,Graduate,No,22798.104982377725,1032.1066934577632,171.7577487068877,180,1,Urban,1
